nuclei,fov,original_nuclei,n_pairs,DonorFile,AcceptorFile,FretFile,X_A,Y_A,Z_A,X_D,Y_D,Z_D,Fret,Acceptor,Donor,Pair,dlamin_A,dlamin_D
4,1,4,2,/Volumes/projects/FRET-FISH/iAM618/a488_001.tif,/Volumes/projects/FRET-FISH/iAM618/a594_001.tif,/Volumes/projects/FRET-FISH/iAM618/a488fret_001.tif,420,501,33,417,503,31,3044,2473,13633,1,24.6981773376465,24.6981773376465
4,1,4,2,/Volumes/projects/FRET-FISH/iAM618/a488_001.tif,/Volumes/projects/FRET-FISH/iAM618/a594_001.tif,/Volumes/projects/FRET-FISH/iAM618/a488fret_001.tif,415,510,18,416,510,21,2663,1387,3180,2,14.5602197647095,14.5602197647095
14,2,5,2,/Volumes/projects/FRET-FISH/iAM618/a488_002.tif,/Volumes/projects/FRET-FISH/iAM618/a594_002.tif,/Volumes/projects/FRET-FISH/iAM618/a488fret_002.tif,739,450,30,733,451,31,2171,1264,3320,1,24.0416297912598,24.0416297912598
14,2,5,2,/Volumes/projects/FRET-FISH/iAM618/a488_002.tif,/Volumes/projects/FRET-FISH/iAM618/a594_002.tif,/Volumes/projects/FRET-FISH/iAM618/a488fret_002.tif,724,440,26,721,444,24,2215,1676,10072,2,8.9442720413208,8.9442720413208
19,2,10,2,/Volumes/projects/FRET-FISH/iAM618/a488_002.tif,/Volumes/projects/FRET-FISH/iAM618/a594_002.tif,/Volumes/projects/FRET-FISH/iAM618/a488fret_002.tif,795,895,32,790,896,30,2239,1443,6554,1,3.60555124282837,3.60555124282837
19,2,10,2,/Volumes/projects/FRET-FISH/iAM618/a488_002.tif,/Volumes/projects/FRET-FISH/iAM618/a594_002.tif,/Volumes/projects/FRET-FISH/iAM618/a488fret_002.tif,774,813,22,774,814,25,3466,1122,3059,2,1,1
20,3,1,2,/Volumes/projects/FRET-FISH/iAM618/a488_003.tif,/Volumes/projects/FRET-FISH/iAM618/a594_003.tif,/Volumes/projects/FRET-FISH/iAM618/a488fret_003.tif,751,93,28,749,89,26,2066,1313,5677,1,32.3882713317871,32.3882713317871
20,3,1,2,/Volumes/projects/FRET-FISH/iAM618/a488_003.tif,/Volumes/projects/FRET-FISH/iAM618/a594_003.tif,/Volumes/projects/FRET-FISH/iAM618/a488fret_003.tif,771,92,32,768,96,30,1909,1418,10140,2,22.472204208374,22.472204208374
21,3,2,2,/Volumes/projects/FRET-FISH/iAM618/a488_003.tif,/Volumes/projects/FRET-FISH/iAM618/a594_003.tif,/Volumes/projects/FRET-FISH/iAM618/a488fret_003.tif,434,268,25,428,266,24,2584,1287,3184,1,3.60555124282837,3.60555124282837
21,3,2,2,/Volumes/projects/FRET-FISH/iAM618/a488_003.tif,/Volumes/projects/FRET-FISH/iAM618/a594_003.tif,/Volumes/projects/FRET-FISH/iAM618/a488fret_003.tif,441,188,24,436,187,26,3610,4474,4716,2,32.6496543884277,32.6496543884277
27,3,8,2,/Volumes/projects/FRET-FISH/iAM618/a488_003.tif,/Volumes/projects/FRET-FISH/iAM618/a594_003.tif,/Volumes/projects/FRET-FISH/iAM618/a488fret_003.tif,370,670,34,367,667,32,2236,1526,6278,1,19.9248580932617,19.9248580932617
27,3,8,2,/Volumes/projects/FRET-FISH/iAM618/a488_003.tif,/Volumes/projects/FRET-FISH/iAM618/a594_003.tif,/Volumes/projects/FRET-FISH/iAM618/a488fret_003.tif,369,691,33,365,688,31,2561,1446,5506,2,16.2788200378418,16.2788200378418
31,4,2,2,/Volumes/projects/FRET-FISH/iAM618/a488_004.tif,/Volumes/projects/FRET-FISH/iAM618/a594_004.tif,/Volumes/projects/FRET-FISH/iAM618/a488fret_004.tif,680,101,30,678,100,30,3661,7835,14658,1,10.0498752593994,10.0498752593994
31,4,2,2,/Volumes/projects/FRET-FISH/iAM618/a488_004.tif,/Volumes/projects/FRET-FISH/iAM618/a594_004.tif,/Volumes/projects/FRET-FISH/iAM618/a488fret_004.tif,693,105,39,691,99,38,1963,1196,2959,2,14.3178215026855,14.3178215026855
33,4,4,2,/Volumes/projects/FRET-FISH/iAM618/a488_004.tif,/Volumes/projects/FRET-FISH/iAM618/a594_004.tif,/Volumes/projects/FRET-FISH/iAM618/a488fret_004.tif,100,289,26,101,289,23,2532,1579,6482,1,22.472204208374,22.472204208374
33,4,4,2,/Volumes/projects/FRET-FISH/iAM618/a488_004.tif,/Volumes/projects/FRET-FISH/iAM618/a594_004.tif,/Volumes/projects/FRET-FISH/iAM618/a488fret_004.tif,104,316,25,105,316,22,2325,1271,5215,2,29,29
41,4,12,2,/Volumes/projects/FRET-FISH/iAM618/a488_004.tif,/Volumes/projects/FRET-FISH/iAM618/a594_004.tif,/Volumes/projects/FRET-FISH/iAM618/a488fret_004.tif,483,947,23,485,943,25,3484,3970,11426,1,27.4590606689453,27.4590606689453
41,4,12,2,/Volumes/projects/FRET-FISH/iAM618/a488_004.tif,/Volumes/projects/FRET-FISH/iAM618/a594_004.tif,/Volumes/projects/FRET-FISH/iAM618/a488fret_004.tif,477,942,31,473,947,32,2132,1326,2894,2,23.5372047424316,23.5372047424316
44,5,3,2,/Volumes/projects/FRET-FISH/iAM618/a488_005.tif,/Volumes/projects/FRET-FISH/iAM618/a594_005.tif,/Volumes/projects/FRET-FISH/iAM618/a488fret_005.tif,564,257,13,561,255,15,2005,1264,2814,1,30.8058433532715,30.8058433532715
44,5,3,2,/Volumes/projects/FRET-FISH/iAM618/a488_005.tif,/Volumes/projects/FRET-FISH/iAM618/a594_005.tif,/Volumes/projects/FRET-FISH/iAM618/a488fret_005.tif,561,255,26,565,254,24,2288,1629,12556,2,29.4278774261475,29.4278774261475
46,5,5,2,/Volumes/projects/FRET-FISH/iAM618/a488_005.tif,/Volumes/projects/FRET-FISH/iAM618/a594_005.tif,/Volumes/projects/FRET-FISH/iAM618/a488fret_005.tif,797,329,33,796,327,35,3030,4418,8364,1,24.0416297912598,24.0416297912598
46,5,5,2,/Volumes/projects/FRET-FISH/iAM618/a488_005.tif,/Volumes/projects/FRET-FISH/iAM618/a594_005.tif,/Volumes/projects/FRET-FISH/iAM618/a488fret_005.tif,826,387,22,827,387,25,4224,1478,3560,2,1.41421353816986,1.41421353816986
47,5,6,2,/Volumes/projects/FRET-FISH/iAM618/a488_005.tif,/Volumes/projects/FRET-FISH/iAM618/a594_005.tif,/Volumes/projects/FRET-FISH/iAM618/a488fret_005.tif,312,536,15,316,533,17,2293,1277,2744,1,7.07106781005859,7.07106781005859
47,5,6,2,/Volumes/projects/FRET-FISH/iAM618/a488_005.tif,/Volumes/projects/FRET-FISH/iAM618/a594_005.tif,/Volumes/projects/FRET-FISH/iAM618/a488fret_005.tif,305,500,27,305,499,30,4405,8436,4675,2,11.4017543792725,11.4017543792725
50,5,9,2,/Volumes/projects/FRET-FISH/iAM618/a488_005.tif,/Volumes/projects/FRET-FISH/iAM618/a594_005.tif,/Volumes/projects/FRET-FISH/iAM618/a488fret_005.tif,797,717,30,796,713,28,2406,1362,5881,1,9,9
50,5,9,2,/Volumes/projects/FRET-FISH/iAM618/a488_005.tif,/Volumes/projects/FRET-FISH/iAM618/a594_005.tif,/Volumes/projects/FRET-FISH/iAM618/a488fret_005.tif,703,711,15,698,710,17,2254,1186,3125,2,14.5602197647095,14.5602197647095
51,5,10,2,/Volumes/projects/FRET-FISH/iAM618/a488_005.tif,/Volumes/projects/FRET-FISH/iAM618/a594_005.tif,/Volumes/projects/FRET-FISH/iAM618/a488fret_005.tif,693,862,14,691,868,14,2277,1163,2919,1,19.6468830108643,19.6468830108643
51,5,10,2,/Volumes/projects/FRET-FISH/iAM618/a488_005.tif,/Volumes/projects/FRET-FISH/iAM618/a594_005.tif,/Volumes/projects/FRET-FISH/iAM618/a488fret_005.tif,695,863,27,689,866,27,2318,1665,3737,2,19,19
52,5,11,2,/Volumes/projects/FRET-FISH/iAM618/a488_005.tif,/Volumes/projects/FRET-FISH/iAM618/a594_005.tif,/Volumes/projects/FRET-FISH/iAM618/a488fret_005.tif,432,905,30,428,908,28,1928,1344,3882,1,49.5176734924316,49.5176734924316
52,5,11,2,/Volumes/projects/FRET-FISH/iAM618/a488_005.tif,/Volumes/projects/FRET-FISH/iAM618/a594_005.tif,/Volumes/projects/FRET-FISH/iAM618/a488fret_005.tif,425,944,32,426,944,29,2151,1412,8426,2,22,22
55,6,3,2,/Volumes/projects/FRET-FISH/iAM618/a488_006.tif,/Volumes/projects/FRET-FISH/iAM618/a594_006.tif,/Volumes/projects/FRET-FISH/iAM618/a488fret_006.tif,565,144,30,563,143,31,3687,6083,12728,1,27.4590606689453,27.4590606689453
55,6,3,2,/Volumes/projects/FRET-FISH/iAM618/a488_006.tif,/Volumes/projects/FRET-FISH/iAM618/a594_006.tif,/Volumes/projects/FRET-FISH/iAM618/a488fret_006.tif,565,145,39,561,140,40,2333,1505,3050,2,28.4429244995117,28.4429244995117
56,6,4,2,/Volumes/projects/FRET-FISH/iAM618/a488_006.tif,/Volumes/projects/FRET-FISH/iAM618/a594_006.tif,/Volumes/projects/FRET-FISH/iAM618/a488fret_006.tif,700,362,30,696,364,28,2772,2173,11761,1,35.8050270080566,35.8050270080566
56,6,4,2,/Volumes/projects/FRET-FISH/iAM618/a488_006.tif,/Volumes/projects/FRET-FISH/iAM618/a594_006.tif,/Volumes/projects/FRET-FISH/iAM618/a488fret_006.tif,716,382,17,714,376,18,2341,1264,2931,2,27.4590606689453,27.4590606689453
61,6,9,2,/Volumes/projects/FRET-FISH/iAM618/a488_006.tif,/Volumes/projects/FRET-FISH/iAM618/a594_006.tif,/Volumes/projects/FRET-FISH/iAM618/a488fret_006.tif,687,883,16,684,877,16,2130,1148,2775,1,34.5398330688477,34.5398330688477
61,6,9,2,/Volumes/projects/FRET-FISH/iAM618/a488_006.tif,/Volumes/projects/FRET-FISH/iAM618/a594_006.tif,/Volumes/projects/FRET-FISH/iAM618/a488fret_006.tif,684,879,28,680,882,26,2107,1459,6776,2,39.3954315185547,39.3954315185547
71,7,10,2,/Volumes/projects/FRET-FISH/iAM618/a488_007.tif,/Volumes/projects/FRET-FISH/iAM618/a594_007.tif,/Volumes/projects/FRET-FISH/iAM618/a488fret_007.tif,423,601,26,428,600,28,2875,1409,3112,1,42.2018966674805,42.2018966674805
71,7,10,2,/Volumes/projects/FRET-FISH/iAM618/a488_007.tif,/Volumes/projects/FRET-FISH/iAM618/a594_007.tif,/Volumes/projects/FRET-FISH/iAM618/a488fret_007.tif,403,639,32,402,639,35,3578,3805,8358,2,12,12
72,7,11,2,/Volumes/projects/FRET-FISH/iAM618/a488_007.tif,/Volumes/projects/FRET-FISH/iAM618/a594_007.tif,/Volumes/projects/FRET-FISH/iAM618/a488fret_007.tif,486,654,30,482,656,28,2946,2231,10671,1,13.6014709472656,13.6014709472656
72,7,11,2,/Volumes/projects/FRET-FISH/iAM618/a488_007.tif,/Volumes/projects/FRET-FISH/iAM618/a594_007.tif,/Volumes/projects/FRET-FISH/iAM618/a488fret_007.tif,494,670,35,488,667,35,2458,1312,3475,2,4,4
74,7,13,2,/Volumes/projects/FRET-FISH/iAM618/a488_007.tif,/Volumes/projects/FRET-FISH/iAM618/a594_007.tif,/Volumes/projects/FRET-FISH/iAM618/a488fret_007.tif,906,714,37,907,715,35,2408,1603,6331,1,10.6301460266113,10.6301460266113
74,7,13,2,/Volumes/projects/FRET-FISH/iAM618/a488_007.tif,/Volumes/projects/FRET-FISH/iAM618/a594_007.tif,/Volumes/projects/FRET-FISH/iAM618/a488fret_007.tif,921,766,37,918,763,35,2531,1711,6817,2,7,7
76,7,15,2,/Volumes/projects/FRET-FISH/iAM618/a488_007.tif,/Volumes/projects/FRET-FISH/iAM618/a594_007.tif,/Volumes/projects/FRET-FISH/iAM618/a488fret_007.tif,469,818,36,466,821,34,4004,2511,8314,1,5.38516473770142,5.38516473770142
76,7,15,2,/Volumes/projects/FRET-FISH/iAM618/a488_007.tif,/Volumes/projects/FRET-FISH/iAM618/a594_007.tif,/Volumes/projects/FRET-FISH/iAM618/a488fret_007.tif,501,857,32,496,858,30,3892,2268,12092,2,12.3693170547485,12.3693170547485
77,7,16,2,/Volumes/projects/FRET-FISH/iAM618/a488_007.tif,/Volumes/projects/FRET-FISH/iAM618/a594_007.tif,/Volumes/projects/FRET-FISH/iAM618/a488fret_007.tif,47,839,25,53,839,26,2410,1269,9291,1,7.28010988235474,7.28010988235474
77,7,16,2,/Volumes/projects/FRET-FISH/iAM618/a488_007.tif,/Volumes/projects/FRET-FISH/iAM618/a594_007.tif,/Volumes/projects/FRET-FISH/iAM618/a488fret_007.tif,72,855,26,72,850,24,2348,1219,2686,2,29.0172367095947,29.0172367095947
79,8,2,2,/Volumes/projects/FRET-FISH/iAM618/a488_008.tif,/Volumes/projects/FRET-FISH/iAM618/a594_008.tif,/Volumes/projects/FRET-FISH/iAM618/a488fret_008.tif,840,283,28,839,280,26,2663,3136,13969,1,4.24264049530029,4.24264049530029
79,8,2,2,/Volumes/projects/FRET-FISH/iAM618/a488_008.tif,/Volumes/projects/FRET-FISH/iAM618/a594_008.tif,/Volumes/projects/FRET-FISH/iAM618/a488fret_008.tif,792,290,26,791,286,24,2303,1243,4005,2,3.16227769851685,3.16227769851685
82,8,5,2,/Volumes/projects/FRET-FISH/iAM618/a488_008.tif,/Volumes/projects/FRET-FISH/iAM618/a594_008.tif,/Volumes/projects/FRET-FISH/iAM618/a488fret_008.tif,750,471,36,749,465,37,2134,1481,3008,1,37.576587677002,37.576587677002
82,8,5,2,/Volumes/projects/FRET-FISH/iAM618/a488_008.tif,/Volumes/projects/FRET-FISH/iAM618/a594_008.tif,/Volumes/projects/FRET-FISH/iAM618/a488fret_008.tif,748,469,26,747,464,28,2513,2976,5922,2,38.4707679748535,38.4707679748535
86,8,9,2,/Volumes/projects/FRET-FISH/iAM618/a488_008.tif,/Volumes/projects/FRET-FISH/iAM618/a594_008.tif,/Volumes/projects/FRET-FISH/iAM618/a488fret_008.tif,264,776,19,260,776,20,3409,7261,10093,1,12.6491107940674,12.6491107940674
86,8,9,2,/Volumes/projects/FRET-FISH/iAM618/a488_008.tif,/Volumes/projects/FRET-FISH/iAM618/a594_008.tif,/Volumes/projects/FRET-FISH/iAM618/a488fret_008.tif,319,849,21,323,844,22,2197,1176,2878,2,11.3137083053589,11.3137083053589
87,8,10,2,/Volumes/projects/FRET-FISH/iAM618/a488_008.tif,/Volumes/projects/FRET-FISH/iAM618/a594_008.tif,/Volumes/projects/FRET-FISH/iAM618/a488fret_008.tif,461,916,23,456,915,21,2717,2764,8053,1,10.8166542053223,10.8166542053223
87,8,10,2,/Volumes/projects/FRET-FISH/iAM618/a488_008.tif,/Volumes/projects/FRET-FISH/iAM618/a594_008.tif,/Volumes/projects/FRET-FISH/iAM618/a488fret_008.tif,473,918,30,468,919,28,2308,1233,3210,2,1.41421353816986,1.41421353816986
88,9,1,2,/Volumes/projects/FRET-FISH/iAM618/a488_009.tif,/Volumes/projects/FRET-FISH/iAM618/a594_009.tif,/Volumes/projects/FRET-FISH/iAM618/a488fret_009.tif,328,143,41,333,139,40,2494,1253,3174,1,14.4222049713135,14.4222049713135
88,9,1,2,/Volumes/projects/FRET-FISH/iAM618/a488_009.tif,/Volumes/projects/FRET-FISH/iAM618/a594_009.tif,/Volumes/projects/FRET-FISH/iAM618/a488fret_009.tif,340,137,34,339,137,31,2447,1973,7668,2,5,5
92,9,5,2,/Volumes/projects/FRET-FISH/iAM618/a488_009.tif,/Volumes/projects/FRET-FISH/iAM618/a594_009.tif,/Volumes/projects/FRET-FISH/iAM618/a488fret_009.tif,798,556,23,798,562,23,2751,1437,3806,1,39,39
92,9,5,2,/Volumes/projects/FRET-FISH/iAM618/a488_009.tif,/Volumes/projects/FRET-FISH/iAM618/a594_009.tif,/Volumes/projects/FRET-FISH/iAM618/a488fret_009.tif,800,559,33,803,555,31,2536,2438,11530,2,36.0555114746094,36.0555114746094
94,9,7,2,/Volumes/projects/FRET-FISH/iAM618/a488_009.tif,/Volumes/projects/FRET-FISH/iAM618/a594_009.tif,/Volumes/projects/FRET-FISH/iAM618/a488fret_009.tif,613,638,29,611,634,31,2680,2492,8907,1,3,3
94,9,7,2,/Volumes/projects/FRET-FISH/iAM618/a488_009.tif,/Volumes/projects/FRET-FISH/iAM618/a594_009.tif,/Volumes/projects/FRET-FISH/iAM618/a488fret_009.tif,600,635,36,600,636,39,2898,1508,3194,2,14.3178215026855,14.3178215026855
96,9,9,2,/Volumes/projects/FRET-FISH/iAM618/a488_009.tif,/Volumes/projects/FRET-FISH/iAM618/a594_009.tif,/Volumes/projects/FRET-FISH/iAM618/a488fret_009.tif,765,704,35,766,710,35,2425,1242,3091,1,5.38516473770142,5.38516473770142
96,9,9,2,/Volumes/projects/FRET-FISH/iAM618/a488_009.tif,/Volumes/projects/FRET-FISH/iAM618/a594_009.tif,/Volumes/projects/FRET-FISH/iAM618/a488fret_009.tif,780,708,29,776,710,27,2455,1743,8798,2,5,5
100,10,3,2,/Volumes/projects/FRET-FISH/iAM618/a488_010.tif,/Volumes/projects/FRET-FISH/iAM618/a594_010.tif,/Volumes/projects/FRET-FISH/iAM618/a488fret_010.tif,473,375,28,468,379,29,2242,1217,2840,1,36.1386222839355,36.1386222839355
100,10,3,2,/Volumes/projects/FRET-FISH/iAM618/a488_010.tif,/Volumes/projects/FRET-FISH/iAM618/a594_010.tif,/Volumes/projects/FRET-FISH/iAM618/a488fret_010.tif,537,349,30,542,350,28,2341,1273,8832,2,20.1246109008789,20.1246109008789
102,10,5,2,/Volumes/projects/FRET-FISH/iAM618/a488_010.tif,/Volumes/projects/FRET-FISH/iAM618/a594_010.tif,/Volumes/projects/FRET-FISH/iAM618/a488fret_010.tif,744,635,28,740,637,26,2571,1923,12458,1,19.9248580932617,19.9248580932617
102,10,5,2,/Volumes/projects/FRET-FISH/iAM618/a488_010.tif,/Volumes/projects/FRET-FISH/iAM618/a594_010.tif,/Volumes/projects/FRET-FISH/iAM618/a488fret_010.tif,774,633,35,770,635,33,2257,1311,5627,2,43.8406219482422,43.8406219482422
104,10,7,2,/Volumes/projects/FRET-FISH/iAM618/a488_010.tif,/Volumes/projects/FRET-FISH/iAM618/a594_010.tif,/Volumes/projects/FRET-FISH/iAM618/a488fret_010.tif,737,767,28,732,763,28,2401,1184,3459,1,13,13
104,10,7,2,/Volumes/projects/FRET-FISH/iAM618/a488_010.tif,/Volumes/projects/FRET-FISH/iAM618/a594_010.tif,/Volumes/projects/FRET-FISH/iAM618/a488fret_010.tif,745,737,35,747,743,34,2353,1344,4423,2,4.24264049530029,4.24264049530029
105,10,8,2,/Volumes/projects/FRET-FISH/iAM618/a488_010.tif,/Volumes/projects/FRET-FISH/iAM618/a594_010.tif,/Volumes/projects/FRET-FISH/iAM618/a488fret_010.tif,371,877,25,366,876,23,2049,1285,7208,1,13.8924436569214,13.8924436569214
105,10,8,2,/Volumes/projects/FRET-FISH/iAM618/a488_010.tif,/Volumes/projects/FRET-FISH/iAM618/a594_010.tif,/Volumes/projects/FRET-FISH/iAM618/a488fret_010.tif,375,876,34,376,881,32,2105,1202,2774,2,16.5529460906982,16.5529460906982
113,11,8,2,/Volumes/projects/FRET-FISH/iAM618/a488_011.tif,/Volumes/projects/FRET-FISH/iAM618/a594_011.tif,/Volumes/projects/FRET-FISH/iAM618/a488fret_011.tif,120,837,30,117,839,31,3890,7075,10263,1,17.4928550720215,17.4928550720215
113,11,8,2,/Volumes/projects/FRET-FISH/iAM618/a488_011.tif,/Volumes/projects/FRET-FISH/iAM618/a594_011.tif,/Volumes/projects/FRET-FISH/iAM618/a488fret_011.tif,128,847,38,123,850,38,2085,1403,2688,2,5,5
114,11,9,2,/Volumes/projects/FRET-FISH/iAM618/a488_011.tif,/Volumes/projects/FRET-FISH/iAM618/a594_011.tif,/Volumes/projects/FRET-FISH/iAM618/a488fret_011.tif,601,839,27,599,840,27,3728,7436,13652,1,26,26
114,11,9,2,/Volumes/projects/FRET-FISH/iAM618/a488_011.tif,/Volumes/projects/FRET-FISH/iAM618/a594_011.tif,/Volumes/projects/FRET-FISH/iAM618/a488fret_011.tif,596,823,36,590,824,36,2030,1245,3049,2,28,28
117,12,2,2,/Volumes/projects/FRET-FISH/iAM618/a488_012.tif,/Volumes/projects/FRET-FISH/iAM618/a594_012.tif,/Volumes/projects/FRET-FISH/iAM618/a488fret_012.tif,244,188,25,240,187,26,3150,4205,6844,1,13,13
117,12,2,2,/Volumes/projects/FRET-FISH/iAM618/a488_012.tif,/Volumes/projects/FRET-FISH/iAM618/a594_012.tif,/Volumes/projects/FRET-FISH/iAM618/a488fret_012.tif,215,197,22,217,203,23,2207,1247,6183,2,29.5296459197998,29.5296459197998
119,12,4,2,/Volumes/projects/FRET-FISH/iAM618/a488_012.tif,/Volumes/projects/FRET-FISH/iAM618/a594_012.tif,/Volumes/projects/FRET-FISH/iAM618/a488fret_012.tif,741,423,28,745,424,29,2216,1934,11865,1,4.4721360206604,4.4721360206604
119,12,4,2,/Volumes/projects/FRET-FISH/iAM618/a488_012.tif,/Volumes/projects/FRET-FISH/iAM618/a594_012.tif,/Volumes/projects/FRET-FISH/iAM618/a488fret_012.tif,753,423,19,754,418,21,2240,1162,2896,2,10.2956304550171,10.2956304550171
121,12,6,2,/Volumes/projects/FRET-FISH/iAM618/a488_012.tif,/Volumes/projects/FRET-FISH/iAM618/a594_012.tif,/Volumes/projects/FRET-FISH/iAM618/a488fret_012.tif,608,563,34,604,560,34,3735,7680,10851,1,47.6759910583496,47.6759910583496
121,12,6,2,/Volumes/projects/FRET-FISH/iAM618/a488_012.tif,/Volumes/projects/FRET-FISH/iAM618/a594_012.tif,/Volumes/projects/FRET-FISH/iAM618/a488fret_012.tif,603,559,23,608,555,22,2150,1303,3261,2,50.7740097045898,50.7740097045898
124,12,9,2,/Volumes/projects/FRET-FISH/iAM618/a488_012.tif,/Volumes/projects/FRET-FISH/iAM618/a594_012.tif,/Volumes/projects/FRET-FISH/iAM618/a488fret_012.tif,349,897,35,344,897,33,2808,2512,14951,1,16.1245155334473,16.1245155334473
124,12,9,2,/Volumes/projects/FRET-FISH/iAM618/a488_012.tif,/Volumes/projects/FRET-FISH/iAM618/a594_012.tif,/Volumes/projects/FRET-FISH/iAM618/a488fret_012.tif,357,888,42,352,892,41,2169,1220,2747,2,11.0453605651855,11.0453605651855
125,13,1,2,/Volumes/projects/FRET-FISH/iAM618/a488_013.tif,/Volumes/projects/FRET-FISH/iAM618/a594_013.tif,/Volumes/projects/FRET-FISH/iAM618/a488fret_013.tif,638,57,28,637,52,26,3195,4716,8616,1,12.0415945053101,12.0415945053101
125,13,1,2,/Volumes/projects/FRET-FISH/iAM618/a488_013.tif,/Volumes/projects/FRET-FISH/iAM618/a594_013.tif,/Volumes/projects/FRET-FISH/iAM618/a488fret_013.tif,654,98,20,655,103,22,2249,1236,3066,2,41.5932693481445,41.5932693481445
128,13,4,2,/Volumes/projects/FRET-FISH/iAM618/a488_013.tif,/Volumes/projects/FRET-FISH/iAM618/a594_013.tif,/Volumes/projects/FRET-FISH/iAM618/a488fret_013.tif,456,387,39,455,382,37,2607,1409,4131,1,33.2415390014648,33.2415390014648
128,13,4,2,/Volumes/projects/FRET-FISH/iAM618/a488_013.tif,/Volumes/projects/FRET-FISH/iAM618/a594_013.tif,/Volumes/projects/FRET-FISH/iAM618/a488fret_013.tif,473,403,24,472,408,22,2987,1293,3292,2,25.7099208831787,25.7099208831787
129,13,5,2,/Volumes/projects/FRET-FISH/iAM618/a488_013.tif,/Volumes/projects/FRET-FISH/iAM618/a594_013.tif,/Volumes/projects/FRET-FISH/iAM618/a488fret_013.tif,300,433,22,296,438,21,2346,1270,2802,1,30.2324333190918,30.2324333190918
129,13,5,2,/Volumes/projects/FRET-FISH/iAM618/a488_013.tif,/Volumes/projects/FRET-FISH/iAM618/a594_013.tif,/Volumes/projects/FRET-FISH/iAM618/a488fret_013.tif,280,430,34,280,431,31,2763,2017,9660,2,27.2029418945312,27.2029418945312
131,13,7,2,/Volumes/projects/FRET-FISH/iAM618/a488_013.tif,/Volumes/projects/FRET-FISH/iAM618/a594_013.tif,/Volumes/projects/FRET-FISH/iAM618/a488fret_013.tif,109,528,20,105,528,21,6520,13122,24446,1,39.8120574951172,39.8120574951172
131,13,7,2,/Volumes/projects/FRET-FISH/iAM618/a488_013.tif,/Volumes/projects/FRET-FISH/iAM618/a594_013.tif,/Volumes/projects/FRET-FISH/iAM618/a488fret_013.tif,65,522,33,66,522,30,3677,2085,8487,2,16.6433162689209,16.6433162689209
132,13,8,2,/Volumes/projects/FRET-FISH/iAM618/a488_013.tif,/Volumes/projects/FRET-FISH/iAM618/a594_013.tif,/Volumes/projects/FRET-FISH/iAM618/a488fret_013.tif,173,649,43,178,652,44,2655,1366,2829,1,16.9705619812012,16.9705619812012
132,13,8,2,/Volumes/projects/FRET-FISH/iAM618/a488_013.tif,/Volumes/projects/FRET-FISH/iAM618/a594_013.tif,/Volumes/projects/FRET-FISH/iAM618/a488fret_013.tif,164,663,37,165,663,34,2686,1728,6864,2,9.05538558959961,9.05538558959961
135,13,11,2,/Volumes/projects/FRET-FISH/iAM618/a488_013.tif,/Volumes/projects/FRET-FISH/iAM618/a594_013.tif,/Volumes/projects/FRET-FISH/iAM618/a488fret_013.tif,171,731,23,167,734,21,3096,3178,17683,1,15,15
135,13,11,2,/Volumes/projects/FRET-FISH/iAM618/a488_013.tif,/Volumes/projects/FRET-FISH/iAM618/a594_013.tif,/Volumes/projects/FRET-FISH/iAM618/a488fret_013.tif,166,721,8,165,721,11,2658,1305,3013,2,4.12310552597046,4.12310552597046
137,14,1,2,/Volumes/projects/FRET-FISH/iAM618/a488_014.tif,/Volumes/projects/FRET-FISH/iAM618/a594_014.tif,/Volumes/projects/FRET-FISH/iAM618/a488fret_014.tif,881,36,38,876,40,37,2189,1440,2984,1,1,1
137,14,1,2,/Volumes/projects/FRET-FISH/iAM618/a488_014.tif,/Volumes/projects/FRET-FISH/iAM618/a594_014.tif,/Volumes/projects/FRET-FISH/iAM618/a488fret_014.tif,880,119,41,875,120,43,3266,1183,3148,2,12.7279224395752,12.7279224395752
139,14,3,2,/Volumes/projects/FRET-FISH/iAM618/a488_014.tif,/Volumes/projects/FRET-FISH/iAM618/a594_014.tif,/Volumes/projects/FRET-FISH/iAM618/a488fret_014.tif,392,139,30,389,138,30,3785,6777,11451,1,3,3
139,14,3,2,/Volumes/projects/FRET-FISH/iAM618/a488_014.tif,/Volumes/projects/FRET-FISH/iAM618/a594_014.tif,/Volumes/projects/FRET-FISH/iAM618/a488fret_014.tif,400,158,34,400,159,37,2413,2443,2888,2,23.345235824585,23.345235824585
142,14,6,2,/Volumes/projects/FRET-FISH/iAM618/a488_014.tif,/Volumes/projects/FRET-FISH/iAM618/a594_014.tif,/Volumes/projects/FRET-FISH/iAM618/a488fret_014.tif,229,284,30,226,283,30,4177,7479,12994,1,1.41421353816986,1.41421353816986
142,14,6,2,/Volumes/projects/FRET-FISH/iAM618/a488_014.tif,/Volumes/projects/FRET-FISH/iAM618/a594_014.tif,/Volumes/projects/FRET-FISH/iAM618/a488fret_014.tif,215,293,24,218,296,22,2392,1269,5837,2,14,14
144,14,8,2,/Volumes/projects/FRET-FISH/iAM618/a488_014.tif,/Volumes/projects/FRET-FISH/iAM618/a594_014.tif,/Volumes/projects/FRET-FISH/iAM618/a488fret_014.tif,100,419,24,97,417,26,3782,6928,16311,1,18.4390888214111,18.4390888214111
144,14,8,2,/Volumes/projects/FRET-FISH/iAM618/a488_014.tif,/Volumes/projects/FRET-FISH/iAM618/a594_014.tif,/Volumes/projects/FRET-FISH/iAM618/a488fret_014.tif,51,489,26,50,494,24,3297,3481,6141,2,6.32455539703369,6.32455539703369
146,14,10,2,/Volumes/projects/FRET-FISH/iAM618/a488_014.tif,/Volumes/projects/FRET-FISH/iAM618/a594_014.tif,/Volumes/projects/FRET-FISH/iAM618/a488fret_014.tif,403,604,30,401,602,32,2984,4769,3926,1,24,24
146,14,10,2,/Volumes/projects/FRET-FISH/iAM618/a488_014.tif,/Volumes/projects/FRET-FISH/iAM618/a594_014.tif,/Volumes/projects/FRET-FISH/iAM618/a488fret_014.tif,387,605,24,387,605,21,2686,3397,3244,2,16.9705619812012,16.9705619812012
147,14,11,2,/Volumes/projects/FRET-FISH/iAM618/a488_014.tif,/Volumes/projects/FRET-FISH/iAM618/a594_014.tif,/Volumes/projects/FRET-FISH/iAM618/a488fret_014.tif,542,751,31,540,752,32,3484,7057,12299,1,11.3137083053589,11.3137083053589
147,14,11,2,/Volumes/projects/FRET-FISH/iAM618/a488_014.tif,/Volumes/projects/FRET-FISH/iAM618/a594_014.tif,/Volumes/projects/FRET-FISH/iAM618/a488fret_014.tif,527,761,43,526,756,41,2407,1185,2802,2,14.2126703262329,14.2126703262329
148,14,12,2,/Volumes/projects/FRET-FISH/iAM618/a488_014.tif,/Volumes/projects/FRET-FISH/iAM618/a594_014.tif,/Volumes/projects/FRET-FISH/iAM618/a488fret_014.tif,470,849,30,467,850,30,3362,5170,8941,1,12.6491107940674,12.6491107940674
148,14,12,2,/Volumes/projects/FRET-FISH/iAM618/a488_014.tif,/Volumes/projects/FRET-FISH/iAM618/a594_014.tif,/Volumes/projects/FRET-FISH/iAM618/a488fret_014.tif,452,842,25,450,846,24,2266,1419,4719,2,31.5753059387207,31.5753059387207
149,15,1,2,/Volumes/projects/FRET-FISH/iAM618/a488_015.tif,/Volumes/projects/FRET-FISH/iAM618/a594_015.tif,/Volumes/projects/FRET-FISH/iAM618/a488fret_015.tif,532,57,33,529,56,33,2916,2976,7450,1,17,17
149,15,1,2,/Volumes/projects/FRET-FISH/iAM618/a488_015.tif,/Volumes/projects/FRET-FISH/iAM618/a594_015.tif,/Volumes/projects/FRET-FISH/iAM618/a488fret_015.tif,530,67,41,523,67,41,2275,1153,2878,2,13.416407585144,13.416407585144
151,15,3,2,/Volumes/projects/FRET-FISH/iAM618/a488_015.tif,/Volumes/projects/FRET-FISH/iAM618/a594_015.tif,/Volumes/projects/FRET-FISH/iAM618/a488fret_015.tif,945,179,30,942,182,28,2485,2229,11049,1,8.9442720413208,8.9442720413208
151,15,3,2,/Volumes/projects/FRET-FISH/iAM618/a488_015.tif,/Volumes/projects/FRET-FISH/iAM618/a594_015.tif,/Volumes/projects/FRET-FISH/iAM618/a488fret_015.tif,940,163,37,944,166,35,1997,1145,3033,2,24.7588367462158,24.7588367462158
154,15,6,2,/Volumes/projects/FRET-FISH/iAM618/a488_015.tif,/Volumes/projects/FRET-FISH/iAM618/a594_015.tif,/Volumes/projects/FRET-FISH/iAM618/a488fret_015.tif,124,397,21,120,396,22,3332,4281,9281,1,13.8924436569214,13.8924436569214
154,15,6,2,/Volumes/projects/FRET-FISH/iAM618/a488_015.tif,/Volumes/projects/FRET-FISH/iAM618/a594_015.tif,/Volumes/projects/FRET-FISH/iAM618/a488fret_015.tif,107,411,33,106,406,31,2383,1200,3521,2,34,34
158,15,10,2,/Volumes/projects/FRET-FISH/iAM618/a488_015.tif,/Volumes/projects/FRET-FISH/iAM618/a594_015.tif,/Volumes/projects/FRET-FISH/iAM618/a488fret_015.tif,316,737,39,313,735,37,2741,1410,4164,1,43.289722442627,43.289722442627
158,15,10,2,/Volumes/projects/FRET-FISH/iAM618/a488_015.tif,/Volumes/projects/FRET-FISH/iAM618/a594_015.tif,/Volumes/projects/FRET-FISH/iAM618/a488fret_015.tif,340,729,40,336,728,38,2802,2384,9610,2,21.931713104248,21.931713104248
165,16,6,2,/Volumes/projects/FRET-FISH/iAM618/a488_016.tif,/Volumes/projects/FRET-FISH/iAM618/a594_016.tif,/Volumes/projects/FRET-FISH/iAM618/a488fret_016.tif,892,726,29,892,731,31,3249,5833,15021,1,30.8058433532715,30.8058433532715
165,16,6,2,/Volumes/projects/FRET-FISH/iAM618/a488_016.tif,/Volumes/projects/FRET-FISH/iAM618/a594_016.tif,/Volumes/projects/FRET-FISH/iAM618/a488fret_016.tif,893,740,37,898,741,39,2190,1431,3629,2,19.4164886474609,19.4164886474609
167,16,8,2,/Volumes/projects/FRET-FISH/iAM618/a488_016.tif,/Volumes/projects/FRET-FISH/iAM618/a594_016.tif,/Volumes/projects/FRET-FISH/iAM618/a488fret_016.tif,406,763,23,412,761,23,3763,5188,8042,1,20.5182838439941,20.5182838439941
167,16,8,2,/Volumes/projects/FRET-FISH/iAM618/a488_016.tif,/Volumes/projects/FRET-FISH/iAM618/a594_016.tif,/Volumes/projects/FRET-FISH/iAM618/a488fret_016.tif,445,770,42,440,771,44,3403,2967,5242,2,37.5898933410645,37.5898933410645
169,17,1,2,/Volumes/projects/FRET-FISH/iAM618/a488_017.tif,/Volumes/projects/FRET-FISH/iAM618/a594_017.tif,/Volumes/projects/FRET-FISH/iAM618/a488fret_017.tif,320,237,25,319,237,28,17230,3175,8435,1,2.2360680103302,2.2360680103302
169,17,1,2,/Volumes/projects/FRET-FISH/iAM618/a488_017.tif,/Volumes/projects/FRET-FISH/iAM618/a594_017.tif,/Volumes/projects/FRET-FISH/iAM618/a488fret_017.tif,334,224,22,333,224,19,15538,2895,7962,2,1,1
172,17,4,2,/Volumes/projects/FRET-FISH/iAM618/a488_017.tif,/Volumes/projects/FRET-FISH/iAM618/a594_017.tif,/Volumes/projects/FRET-FISH/iAM618/a488fret_017.tif,484,445,34,485,445,32,2959,1640,6916,1,10.2956304550171,10.2956304550171
172,17,4,2,/Volumes/projects/FRET-FISH/iAM618/a488_017.tif,/Volumes/projects/FRET-FISH/iAM618/a594_017.tif,/Volumes/projects/FRET-FISH/iAM618/a488fret_017.tif,439,381,7,442,385,5,6036,1627,3957,2,3.16227769851685,3.16227769851685
174,17,6,2,/Volumes/projects/FRET-FISH/iAM618/a488_017.tif,/Volumes/projects/FRET-FISH/iAM618/a594_017.tif,/Volumes/projects/FRET-FISH/iAM618/a488fret_017.tif,153,467,30,153,466,27,2614,1337,4770,1,13.0384044647217,13.0384044647217
174,17,6,2,/Volumes/projects/FRET-FISH/iAM618/a488_017.tif,/Volumes/projects/FRET-FISH/iAM618/a594_017.tif,/Volumes/projects/FRET-FISH/iAM618/a488fret_017.tif,155,477,38,155,476,41,2455,1219,2614,2,17.0293865203857,17.0293865203857
176,17,8,2,/Volumes/projects/FRET-FISH/iAM618/a488_017.tif,/Volumes/projects/FRET-FISH/iAM618/a594_017.tif,/Volumes/projects/FRET-FISH/iAM618/a488fret_017.tif,278,635,25,275,635,25,4424,8339,13988,1,9.21954441070557,9.21954441070557
176,17,8,2,/Volumes/projects/FRET-FISH/iAM618/a488_017.tif,/Volumes/projects/FRET-FISH/iAM618/a594_017.tif,/Volumes/projects/FRET-FISH/iAM618/a488fret_017.tif,289,625,34,285,629,33,2187,1229,2650,2,3,3
180,18,2,2,/Volumes/projects/FRET-FISH/iAM618/a488_018.tif,/Volumes/projects/FRET-FISH/iAM618/a594_018.tif,/Volumes/projects/FRET-FISH/iAM618/a488fret_018.tif,193,219,24,191,223,22,2886,3120,13980,1,9,9
180,18,2,2,/Volumes/projects/FRET-FISH/iAM618/a488_018.tif,/Volumes/projects/FRET-FISH/iAM618/a594_018.tif,/Volumes/projects/FRET-FISH/iAM618/a488fret_018.tif,198,236,30,202,231,29,2507,1290,2830,2,25.0798721313477,25.0798721313477
185,18,7,2,/Volumes/projects/FRET-FISH/iAM618/a488_018.tif,/Volumes/projects/FRET-FISH/iAM618/a594_018.tif,/Volumes/projects/FRET-FISH/iAM618/a488fret_018.tif,280,721,27,276,722,27,3785,7053,12021,1,28.0178508758545,28.0178508758545
185,18,7,2,/Volumes/projects/FRET-FISH/iAM618/a488_018.tif,/Volumes/projects/FRET-FISH/iAM618/a594_018.tif,/Volumes/projects/FRET-FISH/iAM618/a488fret_018.tif,316,740,22,316,746,21,2449,1252,3249,2,39.20458984375,39.20458984375
187,18,9,2,/Volumes/projects/FRET-FISH/iAM618/a488_018.tif,/Volumes/projects/FRET-FISH/iAM618/a594_018.tif,/Volumes/projects/FRET-FISH/iAM618/a488fret_018.tif,578,792,32,573,788,32,3092,3623,4959,1,40.7921562194824,40.7921562194824
187,18,9,2,/Volumes/projects/FRET-FISH/iAM618/a488_018.tif,/Volumes/projects/FRET-FISH/iAM618/a594_018.tif,/Volumes/projects/FRET-FISH/iAM618/a488fret_018.tif,567,798,40,573,796,41,2661,1417,3498,2,35.4682960510254,35.4682960510254
188,18,10,2,/Volumes/projects/FRET-FISH/iAM618/a488_018.tif,/Volumes/projects/FRET-FISH/iAM618/a594_018.tif,/Volumes/projects/FRET-FISH/iAM618/a488fret_018.tif,263,862,20,259,865,22,2137,1371,2877,1,35.355339050293,35.355339050293
188,18,10,2,/Volumes/projects/FRET-FISH/iAM618/a488_018.tif,/Volumes/projects/FRET-FISH/iAM618/a594_018.tif,/Volumes/projects/FRET-FISH/iAM618/a488fret_018.tif,258,864,29,258,863,32,3108,4836,3717,2,31.30495262146,31.30495262146
195,19,7,2,/Volumes/projects/FRET-FISH/iAM618/a488_019.tif,/Volumes/projects/FRET-FISH/iAM618/a594_019.tif,/Volumes/projects/FRET-FISH/iAM618/a488fret_019.tif,194,669,23,190,669,24,3448,5019,9485,1,19.9248580932617,19.9248580932617
195,19,7,2,/Volumes/projects/FRET-FISH/iAM618/a488_019.tif,/Volumes/projects/FRET-FISH/iAM618/a594_019.tif,/Volumes/projects/FRET-FISH/iAM618/a488fret_019.tif,185,661,30,179,663,31,2335,1305,2829,2,12,12
199,19,11,2,/Volumes/projects/FRET-FISH/iAM618/a488_019.tif,/Volumes/projects/FRET-FISH/iAM618/a594_019.tif,/Volumes/projects/FRET-FISH/iAM618/a488fret_019.tif,166,1009,30,164,1003,29,2573,1828,5972,1,6.32455539703369,6.32455539703369
199,19,11,2,/Volumes/projects/FRET-FISH/iAM618/a488_019.tif,/Volumes/projects/FRET-FISH/iAM618/a594_019.tif,/Volumes/projects/FRET-FISH/iAM618/a488fret_019.tif,167,980,19,162,980,21,2628,3074,2798,2,19.0262985229492,19.0262985229492
211,21,5,2,/Volumes/projects/FRET-FISH/iAM618/a488_021.tif,/Volumes/projects/FRET-FISH/iAM618/a594_021.tif,/Volumes/projects/FRET-FISH/iAM618/a488fret_021.tif,722,578,26,722,576,28,3084,3293,3497,1,18.0277557373047,18.0277557373047
211,21,5,2,/Volumes/projects/FRET-FISH/iAM618/a488_021.tif,/Volumes/projects/FRET-FISH/iAM618/a594_021.tif,/Volumes/projects/FRET-FISH/iAM618/a488fret_021.tif,735,487,25,739,492,26,3234,1286,3582,2,14.0356683731079,14.0356683731079
220,22,5,2,/Volumes/projects/FRET-FISH/iAM618/a488_022.tif,/Volumes/projects/FRET-FISH/iAM618/a594_022.tif,/Volumes/projects/FRET-FISH/iAM618/a488fret_022.tif,387,410,23,383,411,21,2696,1336,3391,1,41.7252922058105,41.7252922058105
220,22,5,2,/Volumes/projects/FRET-FISH/iAM618/a488_022.tif,/Volumes/projects/FRET-FISH/iAM618/a594_022.tif,/Volumes/projects/FRET-FISH/iAM618/a488fret_022.tif,421,437,31,417,435,29,2944,2458,11606,2,4.12310552597046,4.12310552597046
223,22,8,2,/Volumes/projects/FRET-FISH/iAM618/a488_022.tif,/Volumes/projects/FRET-FISH/iAM618/a594_022.tif,/Volumes/projects/FRET-FISH/iAM618/a488fret_022.tif,299,765,33,295,765,35,3422,4092,8532,1,31.1448230743408,31.1448230743408
223,22,8,2,/Volumes/projects/FRET-FISH/iAM618/a488_022.tif,/Volumes/projects/FRET-FISH/iAM618/a594_022.tif,/Volumes/projects/FRET-FISH/iAM618/a488fret_022.tif,296,776,43,298,780,45,2638,1268,3179,2,20.3960781097412,20.3960781097412
228,23,2,2,/Volumes/projects/FRET-FISH/iAM618/a488_023.tif,/Volumes/projects/FRET-FISH/iAM618/a594_023.tif,/Volumes/projects/FRET-FISH/iAM618/a488fret_023.tif,115,191,27,111,190,28,3675,7502,11039,1,39.217342376709,39.217342376709
228,23,2,2,/Volumes/projects/FRET-FISH/iAM618/a488_023.tif,/Volumes/projects/FRET-FISH/iAM618/a594_023.tif,/Volumes/projects/FRET-FISH/iAM618/a488fret_023.tif,103,207,19,102,202,17,2639,3336,2763,2,21.931713104248,21.931713104248
229,23,3,2,/Volumes/projects/FRET-FISH/iAM618/a488_023.tif,/Volumes/projects/FRET-FISH/iAM618/a594_023.tif,/Volumes/projects/FRET-FISH/iAM618/a488fret_023.tif,395,223,31,392,222,32,3617,5411,11910,1,1,1
229,23,3,2,/Volumes/projects/FRET-FISH/iAM618/a488_023.tif,/Volumes/projects/FRET-FISH/iAM618/a594_023.tif,/Volumes/projects/FRET-FISH/iAM618/a488fret_023.tif,307,219,17,310,223,19,2359,1233,2776,2,40.0124969482422,40.0124969482422
232,23,6,2,/Volumes/projects/FRET-FISH/iAM618/a488_023.tif,/Volumes/projects/FRET-FISH/iAM618/a594_023.tif,/Volumes/projects/FRET-FISH/iAM618/a488fret_023.tif,718,398,27,716,395,25,2379,2689,19769,1,16.4924221038818,16.4924221038818
232,23,6,2,/Volumes/projects/FRET-FISH/iAM618/a488_023.tif,/Volumes/projects/FRET-FISH/iAM618/a594_023.tif,/Volumes/projects/FRET-FISH/iAM618/a488fret_023.tif,660,392,21,665,393,19,2173,1236,2961,2,22.472204208374,22.472204208374
233,23,7,2,/Volumes/projects/FRET-FISH/iAM618/a488_023.tif,/Volumes/projects/FRET-FISH/iAM618/a594_023.tif,/Volumes/projects/FRET-FISH/iAM618/a488fret_023.tif,108,454,29,111,457,31,3328,4890,8655,1,20.1246109008789,20.1246109008789
233,23,7,2,/Volumes/projects/FRET-FISH/iAM618/a488_023.tif,/Volumes/projects/FRET-FISH/iAM618/a594_023.tif,/Volumes/projects/FRET-FISH/iAM618/a488fret_023.tif,118,460,37,119,465,39,2492,1533,3011,2,25.4558448791504,25.4558448791504
235,23,9,2,/Volumes/projects/FRET-FISH/iAM618/a488_023.tif,/Volumes/projects/FRET-FISH/iAM618/a594_023.tif,/Volumes/projects/FRET-FISH/iAM618/a488fret_023.tif,551,663,23,548,663,23,3423,5330,11092,1,21.3775577545166,21.3775577545166
235,23,9,2,/Volumes/projects/FRET-FISH/iAM618/a488_023.tif,/Volumes/projects/FRET-FISH/iAM618/a594_023.tif,/Volumes/projects/FRET-FISH/iAM618/a488fret_023.tif,569,653,21,566,657,19,2180,1443,6968,2,5,5
238,23,12,2,/Volumes/projects/FRET-FISH/iAM618/a488_023.tif,/Volumes/projects/FRET-FISH/iAM618/a594_023.tif,/Volumes/projects/FRET-FISH/iAM618/a488fret_023.tif,593,954,24,591,948,23,3595,4968,12709,1,34.4383506774902,34.4383506774902
238,23,12,2,/Volumes/projects/FRET-FISH/iAM618/a488_023.tif,/Volumes/projects/FRET-FISH/iAM618/a594_023.tif,/Volumes/projects/FRET-FISH/iAM618/a488fret_023.tif,604,955,33,598,957,32,3263,1504,3664,2,37.8549880981445,37.8549880981445
246,25,1,2,/Volumes/projects/FRET-FISH/iAM618/a488_025.tif,/Volumes/projects/FRET-FISH/iAM618/a594_025.tif,/Volumes/projects/FRET-FISH/iAM618/a488fret_025.tif,225,210,36,221,209,37,3619,5804,10085,1,20.1246109008789,20.1246109008789
246,25,1,2,/Volumes/projects/FRET-FISH/iAM618/a488_025.tif,/Volumes/projects/FRET-FISH/iAM618/a594_025.tif,/Volumes/projects/FRET-FISH/iAM618/a488fret_025.tif,230,152,31,235,151,29,2635,1735,7913,2,8.5440034866333,8.5440034866333
248,25,3,2,/Volumes/projects/FRET-FISH/iAM618/a488_025.tif,/Volumes/projects/FRET-FISH/iAM618/a594_025.tif,/Volumes/projects/FRET-FISH/iAM618/a488fret_025.tif,847,312,30,847,308,28,1783,2070,7943,1,1,1
248,25,3,2,/Volumes/projects/FRET-FISH/iAM618/a488_025.tif,/Volumes/projects/FRET-FISH/iAM618/a594_025.tif,/Volumes/projects/FRET-FISH/iAM618/a488fret_025.tif,806,302,25,806,303,28,2176,1067,2683,2,9.43398094177246,9.43398094177246
254,25,9,2,/Volumes/projects/FRET-FISH/iAM618/a488_025.tif,/Volumes/projects/FRET-FISH/iAM618/a594_025.tif,/Volumes/projects/FRET-FISH/iAM618/a488fret_025.tif,989,645,30,990,647,28,2523,1970,12530,1,10.6301460266113,10.6301460266113
254,25,9,2,/Volumes/projects/FRET-FISH/iAM618/a488_025.tif,/Volumes/projects/FRET-FISH/iAM618/a594_025.tif,/Volumes/projects/FRET-FISH/iAM618/a488fret_025.tif,986,712,30,982,712,28,2165,3230,10150,2,3.60555124282837,3.60555124282837
257,25,12,2,/Volumes/projects/FRET-FISH/iAM618/a488_025.tif,/Volumes/projects/FRET-FISH/iAM618/a594_025.tif,/Volumes/projects/FRET-FISH/iAM618/a488fret_025.tif,532,890,34,528,890,32,2419,1595,7165,1,19.1049728393555,19.1049728393555
257,25,12,2,/Volumes/projects/FRET-FISH/iAM618/a488_025.tif,/Volumes/projects/FRET-FISH/iAM618/a594_025.tif,/Volumes/projects/FRET-FISH/iAM618/a488fret_025.tif,533,880,25,532,884,23,2432,1359,5275,2,21,21
258,26,1,2,/Volumes/projects/FRET-FISH/iAM618/a488_026.tif,/Volumes/projects/FRET-FISH/iAM618/a594_026.tif,/Volumes/projects/FRET-FISH/iAM618/a488fret_026.tif,310,232,34,310,232,31,13512,2675,7530,1,1,1
258,26,1,2,/Volumes/projects/FRET-FISH/iAM618/a488_026.tif,/Volumes/projects/FRET-FISH/iAM618/a594_026.tif,/Volumes/projects/FRET-FISH/iAM618/a488fret_026.tif,312,229,23,312,229,20,14729,2705,7141,2,2.2360680103302,2.2360680103302
261,26,4,2,/Volumes/projects/FRET-FISH/iAM618/a488_026.tif,/Volumes/projects/FRET-FISH/iAM618/a594_026.tif,/Volumes/projects/FRET-FISH/iAM618/a488fret_026.tif,413,418,6,419,420,7,3909,1419,3539,1,8.5440034866333,8.5440034866333
261,26,4,2,/Volumes/projects/FRET-FISH/iAM618/a488_026.tif,/Volumes/projects/FRET-FISH/iAM618/a594_026.tif,/Volumes/projects/FRET-FISH/iAM618/a488fret_026.tif,432,392,7,432,387,9,4914,1588,3703,2,12.5299644470215,12.5299644470215
263,26,6,2,/Volumes/projects/FRET-FISH/iAM618/a488_026.tif,/Volumes/projects/FRET-FISH/iAM618/a594_026.tif,/Volumes/projects/FRET-FISH/iAM618/a488fret_026.tif,153,461,32,155,465,34,2297,1418,2723,1,4.24264049530029,4.24264049530029
263,26,6,2,/Volumes/projects/FRET-FISH/iAM618/a488_026.tif,/Volumes/projects/FRET-FISH/iAM618/a594_026.tif,/Volumes/projects/FRET-FISH/iAM618/a488fret_026.tif,137,471,28,137,464,28,2291,1197,5493,2,22.8035087585449,22.8035087585449
265,26,8,2,/Volumes/projects/FRET-FISH/iAM618/a488_026.tif,/Volumes/projects/FRET-FISH/iAM618/a594_026.tif,/Volumes/projects/FRET-FISH/iAM618/a488fret_026.tif,246,574,23,251,575,21,2393,1248,2741,1,10.8166542053223,10.8166542053223
265,26,8,2,/Volumes/projects/FRET-FISH/iAM618/a488_026.tif,/Volumes/projects/FRET-FISH/iAM618/a594_026.tif,/Volumes/projects/FRET-FISH/iAM618/a488fret_026.tif,270,633,30,270,632,27,2490,2009,14026,2,5.83095169067383,5.83095169067383
270,27,2,2,/Volumes/projects/FRET-FISH/iAM618/a488_027.tif,/Volumes/projects/FRET-FISH/iAM618/a594_027.tif,/Volumes/projects/FRET-FISH/iAM618/a488fret_027.tif,461,165,33,456,162,32,2756,4173,5064,1,8.5440034866333,8.5440034866333
270,27,2,2,/Volumes/projects/FRET-FISH/iAM618/a488_027.tif,/Volumes/projects/FRET-FISH/iAM618/a594_027.tif,/Volumes/projects/FRET-FISH/iAM618/a488fret_027.tif,469,174,41,464,173,39,2300,1223,2958,2,13.8924436569214,13.8924436569214
273,27,5,2,/Volumes/projects/FRET-FISH/iAM618/a488_027.tif,/Volumes/projects/FRET-FISH/iAM618/a594_027.tif,/Volumes/projects/FRET-FISH/iAM618/a488fret_027.tif,142,543,30,145,540,32,3495,5607,5030,1,9.21954441070557,9.21954441070557
273,27,5,2,/Volumes/projects/FRET-FISH/iAM618/a488_027.tif,/Volumes/projects/FRET-FISH/iAM618/a594_027.tif,/Volumes/projects/FRET-FISH/iAM618/a488fret_027.tif,147,510,41,148,510,38,2507,1242,4372,2,26.4764041900635,26.4764041900635
277,27,9,2,/Volumes/projects/FRET-FISH/iAM618/a488_027.tif,/Volumes/projects/FRET-FISH/iAM618/a594_027.tif,/Volumes/projects/FRET-FISH/iAM618/a488fret_027.tif,244,854,26,241,855,27,3385,5874,8086,1,30.8058433532715,30.8058433532715
277,27,9,2,/Volumes/projects/FRET-FISH/iAM618/a488_027.tif,/Volumes/projects/FRET-FISH/iAM618/a594_027.tif,/Volumes/projects/FRET-FISH/iAM618/a488fret_027.tif,222,851,27,222,851,30,2249,1775,2575,2,12.0415945053101,12.0415945053101
279,28,1,2,/Volumes/projects/FRET-FISH/iAM618/a488_028.tif,/Volumes/projects/FRET-FISH/iAM618/a594_028.tif,/Volumes/projects/FRET-FISH/iAM618/a488fret_028.tif,470,180,20,473,174,20,2247,1351,3359,1,34,34
279,28,1,2,/Volumes/projects/FRET-FISH/iAM618/a488_028.tif,/Volumes/projects/FRET-FISH/iAM618/a594_028.tif,/Volumes/projects/FRET-FISH/iAM618/a488fret_028.tif,474,177,31,471,173,29,2647,2755,11702,2,38,38
282,28,4,2,/Volumes/projects/FRET-FISH/iAM618/a488_028.tif,/Volumes/projects/FRET-FISH/iAM618/a594_028.tif,/Volumes/projects/FRET-FISH/iAM618/a488fret_028.tif,645,339,32,646,343,30,2539,2835,9215,1,5.83095169067383,5.83095169067383
282,28,4,2,/Volumes/projects/FRET-FISH/iAM618/a488_028.tif,/Volumes/projects/FRET-FISH/iAM618/a594_028.tif,/Volumes/projects/FRET-FISH/iAM618/a488fret_028.tif,659,354,23,654,355,21,2170,1357,8307,2,6.70820379257202,6.70820379257202
286,28,8,2,/Volumes/projects/FRET-FISH/iAM618/a488_028.tif,/Volumes/projects/FRET-FISH/iAM618/a594_028.tif,/Volumes/projects/FRET-FISH/iAM618/a488fret_028.tif,304,723,30,305,728,32,2694,1304,2974,1,38.2883796691895,38.2883796691895
286,28,8,2,/Volumes/projects/FRET-FISH/iAM618/a488_028.tif,/Volumes/projects/FRET-FISH/iAM618/a594_028.tif,/Volumes/projects/FRET-FISH/iAM618/a488fret_028.tif,293,714,23,294,714,26,3688,6445,5251,2,24.0831890106201,24.0831890106201
289,29,1,2,/Volumes/projects/FRET-FISH/iAM618/a488_029.tif,/Volumes/projects/FRET-FISH/iAM618/a594_029.tif,/Volumes/projects/FRET-FISH/iAM618/a488fret_029.tif,420,131,33,416,126,33,2632,3716,4359,1,30,30
289,29,1,2,/Volumes/projects/FRET-FISH/iAM618/a488_029.tif,/Volumes/projects/FRET-FISH/iAM618/a594_029.tif,/Volumes/projects/FRET-FISH/iAM618/a488fret_029.tif,329,79,28,333,82,30,2097,1287,6066,2,12,12
291,29,3,2,/Volumes/projects/FRET-FISH/iAM618/a488_029.tif,/Volumes/projects/FRET-FISH/iAM618/a594_029.tif,/Volumes/projects/FRET-FISH/iAM618/a488fret_029.tif,627,316,40,630,317,42,2411,1559,7321,1,37.0135116577148,37.0135116577148
291,29,3,2,/Volumes/projects/FRET-FISH/iAM618/a488_029.tif,/Volumes/projects/FRET-FISH/iAM618/a594_029.tif,/Volumes/projects/FRET-FISH/iAM618/a488fret_029.tif,570,310,36,570,311,33,2622,1270,2981,2,7.21110248565674,7.21110248565674
296,29,8,2,/Volumes/projects/FRET-FISH/iAM618/a488_029.tif,/Volumes/projects/FRET-FISH/iAM618/a594_029.tif,/Volumes/projects/FRET-FISH/iAM618/a488fret_029.tif,828,669,26,824,666,24,1924,1198,2934,1,30.8058433532715,30.8058433532715
296,29,8,2,/Volumes/projects/FRET-FISH/iAM618/a488_029.tif,/Volumes/projects/FRET-FISH/iAM618/a594_029.tif,/Volumes/projects/FRET-FISH/iAM618/a488fret_029.tif,825,669,38,830,668,36,2195,1176,3331,2,32.4499626159668,32.4499626159668
300,30,1,2,/Volumes/projects/FRET-FISH/iAM618/a488_030.tif,/Volumes/projects/FRET-FISH/iAM618/a594_030.tif,/Volumes/projects/FRET-FISH/iAM618/a488fret_030.tif,388,19,13,384,15,14,2165,1182,2578,1,8.9442720413208,8.9442720413208
300,30,1,2,/Volumes/projects/FRET-FISH/iAM618/a488_030.tif,/Volumes/projects/FRET-FISH/iAM618/a594_030.tif,/Volumes/projects/FRET-FISH/iAM618/a488fret_030.tif,425,67,26,419,68,27,3072,4969,6290,2,6.08276271820068,6.08276271820068
302,30,3,2,/Volumes/projects/FRET-FISH/iAM618/a488_030.tif,/Volumes/projects/FRET-FISH/iAM618/a594_030.tif,/Volumes/projects/FRET-FISH/iAM618/a488fret_030.tif,321,285,35,319,281,33,2255,1530,3521,1,17.0880069732666,17.0880069732666
302,30,3,2,/Volumes/projects/FRET-FISH/iAM618/a488_030.tif,/Volumes/projects/FRET-FISH/iAM618/a594_030.tif,/Volumes/projects/FRET-FISH/iAM618/a488fret_030.tif,242,330,44,239,326,42,2458,1174,2807,2,8.60232543945312,8.60232543945312
307,30,8,2,/Volumes/projects/FRET-FISH/iAM618/a488_030.tif,/Volumes/projects/FRET-FISH/iAM618/a594_030.tif,/Volumes/projects/FRET-FISH/iAM618/a488fret_030.tif,206,619,38,204,613,38,3411,5124,6191,1,6.40312433242798,6.40312433242798
307,30,8,2,/Volumes/projects/FRET-FISH/iAM618/a488_030.tif,/Volumes/projects/FRET-FISH/iAM618/a594_030.tif,/Volumes/projects/FRET-FISH/iAM618/a488fret_030.tif,205,631,45,209,626,45,2483,1230,3018,2,13.0384044647217,13.0384044647217
312,31,2,2,/Volumes/projects/FRET-FISH/iAM618/a488_031.tif,/Volumes/projects/FRET-FISH/iAM618/a594_031.tif,/Volumes/projects/FRET-FISH/iAM618/a488fret_031.tif,571,242,32,573,248,33,2452,1801,3588,1,11.1803398132324,11.1803398132324
312,31,2,2,/Volumes/projects/FRET-FISH/iAM618/a488_031.tif,/Volumes/projects/FRET-FISH/iAM618/a594_031.tif,/Volumes/projects/FRET-FISH/iAM618/a488fret_031.tif,571,250,20,566,249,22,2424,1223,2947,2,17.6918067932129,17.6918067932129
314,31,4,2,/Volumes/projects/FRET-FISH/iAM618/a488_031.tif,/Volumes/projects/FRET-FISH/iAM618/a594_031.tif,/Volumes/projects/FRET-FISH/iAM618/a488fret_031.tif,139,328,33,136,331,31,2542,1694,9816,1,2.82842707633972,2.82842707633972
314,31,4,2,/Volumes/projects/FRET-FISH/iAM618/a488_031.tif,/Volumes/projects/FRET-FISH/iAM618/a594_031.tif,/Volumes/projects/FRET-FISH/iAM618/a488fret_031.tif,193,365,19,188,364,21,2356,1270,2605,2,25,25
316,31,6,2,/Volumes/projects/FRET-FISH/iAM618/a488_031.tif,/Volumes/projects/FRET-FISH/iAM618/a594_031.tif,/Volumes/projects/FRET-FISH/iAM618/a488fret_031.tif,137,410,37,133,405,36,2531,1444,3406,1,33.2415390014648,33.2415390014648
316,31,6,2,/Volumes/projects/FRET-FISH/iAM618/a488_031.tif,/Volumes/projects/FRET-FISH/iAM618/a594_031.tif,/Volumes/projects/FRET-FISH/iAM618/a488fret_031.tif,107,453,25,107,454,22,2709,1230,2676,2,13.0384044647217,13.0384044647217
317,31,7,2,/Volumes/projects/FRET-FISH/iAM618/a488_031.tif,/Volumes/projects/FRET-FISH/iAM618/a594_031.tif,/Volumes/projects/FRET-FISH/iAM618/a488fret_031.tif,846,513,24,850,515,22,4027,7987,3380,1,42,42
317,31,7,2,/Volumes/projects/FRET-FISH/iAM618/a488_031.tif,/Volumes/projects/FRET-FISH/iAM618/a594_031.tif,/Volumes/projects/FRET-FISH/iAM618/a488fret_031.tif,841,501,31,840,507,30,2102,1177,3390,2,41.1096076965332,41.1096076965332
318,31,8,2,/Volumes/projects/FRET-FISH/iAM618/a488_031.tif,/Volumes/projects/FRET-FISH/iAM618/a594_031.tif,/Volumes/projects/FRET-FISH/iAM618/a488fret_031.tif,520,528,33,520,529,31,2755,1640,5920,1,41.6773338317871,41.6773338317871
318,31,8,2,/Volumes/projects/FRET-FISH/iAM618/a488_031.tif,/Volumes/projects/FRET-FISH/iAM618/a594_031.tif,/Volumes/projects/FRET-FISH/iAM618/a488fret_031.tif,506,540,39,502,537,37,3372,2248,8762,2,38.275318145752,38.275318145752
320,31,10,2,/Volumes/projects/FRET-FISH/iAM618/a488_031.tif,/Volumes/projects/FRET-FISH/iAM618/a594_031.tif,/Volumes/projects/FRET-FISH/iAM618/a488fret_031.tif,694,748,23,692,742,24,2044,1138,2818,1,2,2
320,31,10,2,/Volumes/projects/FRET-FISH/iAM618/a488_031.tif,/Volumes/projects/FRET-FISH/iAM618/a594_031.tif,/Volumes/projects/FRET-FISH/iAM618/a488fret_031.tif,687,747,33,687,746,36,2228,2077,2893,2,1,1
324,32,2,2,/Volumes/projects/FRET-FISH/iAM618/a488_032.tif,/Volumes/projects/FRET-FISH/iAM618/a594_032.tif,/Volumes/projects/FRET-FISH/iAM618/a488fret_032.tif,945,147,30,943,144,28,2051,1178,4425,1,30.5941162109375,30.5941162109375
324,32,2,2,/Volumes/projects/FRET-FISH/iAM618/a488_032.tif,/Volumes/projects/FRET-FISH/iAM618/a594_032.tif,/Volumes/projects/FRET-FISH/iAM618/a488fret_032.tif,956,129,25,956,124,23,1869,1207,4652,2,41.2310562133789,41.2310562133789
325,32,3,2,/Volumes/projects/FRET-FISH/iAM618/a488_032.tif,/Volumes/projects/FRET-FISH/iAM618/a594_032.tif,/Volumes/projects/FRET-FISH/iAM618/a488fret_032.tif,816,256,32,815,252,30,2054,1686,6929,1,18,18
325,32,3,2,/Volumes/projects/FRET-FISH/iAM618/a488_032.tif,/Volumes/projects/FRET-FISH/iAM618/a594_032.tif,/Volumes/projects/FRET-FISH/iAM618/a488fret_032.tif,820,257,19,816,255,21,1902,1205,3153,2,14,14
328,32,6,2,/Volumes/projects/FRET-FISH/iAM618/a488_032.tif,/Volumes/projects/FRET-FISH/iAM618/a594_032.tif,/Volumes/projects/FRET-FISH/iAM618/a488fret_032.tif,423,411,27,422,416,26,3751,5959,6670,1,1,1
328,32,6,2,/Volumes/projects/FRET-FISH/iAM618/a488_032.tif,/Volumes/projects/FRET-FISH/iAM618/a594_032.tif,/Volumes/projects/FRET-FISH/iAM618/a488fret_032.tif,440,432,32,437,434,30,2208,1491,6125,2,15.65247631073,15.65247631073
329,32,7,2,/Volumes/projects/FRET-FISH/iAM618/a488_032.tif,/Volumes/projects/FRET-FISH/iAM618/a594_032.tif,/Volumes/projects/FRET-FISH/iAM618/a488fret_032.tif,526,619,23,524,619,23,4176,10462,15466,1,20.6155281066895,20.6155281066895
329,32,7,2,/Volumes/projects/FRET-FISH/iAM618/a488_032.tif,/Volumes/projects/FRET-FISH/iAM618/a594_032.tif,/Volumes/projects/FRET-FISH/iAM618/a488fret_032.tif,514,618,30,509,617,30,2174,1380,2913,2,11.6619033813477,11.6619033813477
330,32,8,2,/Volumes/projects/FRET-FISH/iAM618/a488_032.tif,/Volumes/projects/FRET-FISH/iAM618/a594_032.tif,/Volumes/projects/FRET-FISH/iAM618/a488fret_032.tif,831,555,27,836,552,26,2042,1147,3460,1,14.5602197647095,14.5602197647095
330,32,8,2,/Volumes/projects/FRET-FISH/iAM618/a488_032.tif,/Volumes/projects/FRET-FISH/iAM618/a594_032.tif,/Volumes/projects/FRET-FISH/iAM618/a488fret_032.tif,834,584,32,834,589,30,2320,1387,5315,2,13,13
331,32,9,2,/Volumes/projects/FRET-FISH/iAM618/a488_032.tif,/Volumes/projects/FRET-FISH/iAM618/a594_032.tif,/Volumes/projects/FRET-FISH/iAM618/a488fret_032.tif,389,604,36,393,602,38,2179,1212,2721,1,5,5
331,32,9,2,/Volumes/projects/FRET-FISH/iAM618/a488_032.tif,/Volumes/projects/FRET-FISH/iAM618/a594_032.tif,/Volumes/projects/FRET-FISH/iAM618/a488fret_032.tif,375,601,27,375,601,30,5803,12426,6831,2,9.43398094177246,9.43398094177246
332,32,10,2,/Volumes/projects/FRET-FISH/iAM618/a488_032.tif,/Volumes/projects/FRET-FISH/iAM618/a594_032.tif,/Volumes/projects/FRET-FISH/iAM618/a488fret_032.tif,125,689,23,128,694,22,2151,1162,2594,1,20.5182838439941,20.5182838439941
332,32,10,2,/Volumes/projects/FRET-FISH/iAM618/a488_032.tif,/Volumes/projects/FRET-FISH/iAM618/a594_032.tif,/Volumes/projects/FRET-FISH/iAM618/a488fret_032.tif,114,694,30,113,699,32,2137,1769,6082,2,13.416407585144,13.416407585144
336,33,3,2,/Volumes/projects/FRET-FISH/iAM618/a488_033.tif,/Volumes/projects/FRET-FISH/iAM618/a594_033.tif,/Volumes/projects/FRET-FISH/iAM618/a488fret_033.tif,955,93,28,953,94,26,2466,2028,12607,1,32.7566795349121,32.7566795349121
336,33,3,2,/Volumes/projects/FRET-FISH/iAM618/a488_033.tif,/Volumes/projects/FRET-FISH/iAM618/a594_033.tif,/Volumes/projects/FRET-FISH/iAM618/a488fret_033.tif,987,112,36,987,105,36,3666,1256,3492,2,1,1
337,33,4,2,/Volumes/projects/FRET-FISH/iAM618/a488_033.tif,/Volumes/projects/FRET-FISH/iAM618/a594_033.tif,/Volumes/projects/FRET-FISH/iAM618/a488fret_033.tif,898,271,36,895,268,34,2058,1524,5642,1,33.5410194396973,33.5410194396973
337,33,4,2,/Volumes/projects/FRET-FISH/iAM618/a488_033.tif,/Volumes/projects/FRET-FISH/iAM618/a594_033.tif,/Volumes/projects/FRET-FISH/iAM618/a488fret_033.tif,897,256,42,892,257,44,1960,1079,2849,2,27.4590606689453,27.4590606689453
341,33,8,2,/Volumes/projects/FRET-FISH/iAM618/a488_033.tif,/Volumes/projects/FRET-FISH/iAM618/a594_033.tif,/Volumes/projects/FRET-FISH/iAM618/a488fret_033.tif,703,602,34,699,603,32,2463,1395,6374,1,34,34
341,33,8,2,/Volumes/projects/FRET-FISH/iAM618/a488_033.tif,/Volumes/projects/FRET-FISH/iAM618/a594_033.tif,/Volumes/projects/FRET-FISH/iAM618/a488fret_033.tif,624,612,27,624,611,30,2742,3076,3017,2,6.70820379257202,6.70820379257202
342,33,9,2,/Volumes/projects/FRET-FISH/iAM618/a488_033.tif,/Volumes/projects/FRET-FISH/iAM618/a594_033.tif,/Volumes/projects/FRET-FISH/iAM618/a488fret_033.tif,152,662,24,148,662,25,4764,9604,14919,1,15.2643375396729,15.2643375396729
342,33,9,2,/Volumes/projects/FRET-FISH/iAM618/a488_033.tif,/Volumes/projects/FRET-FISH/iAM618/a594_033.tif,/Volumes/projects/FRET-FISH/iAM618/a488fret_033.tif,88,654,44,84,651,42,7643,1735,4989,2,4.4721360206604,4.4721360206604
344,33,11,2,/Volumes/projects/FRET-FISH/iAM618/a488_033.tif,/Volumes/projects/FRET-FISH/iAM618/a594_033.tif,/Volumes/projects/FRET-FISH/iAM618/a488fret_033.tif,521,758,37,522,764,38,2000,1183,2790,1,15,15
344,33,11,2,/Volumes/projects/FRET-FISH/iAM618/a488_033.tif,/Volumes/projects/FRET-FISH/iAM618/a594_033.tif,/Volumes/projects/FRET-FISH/iAM618/a488fret_033.tif,529,747,29,530,747,32,3324,5394,3758,2,10.1980390548706,10.1980390548706
349,34,4,2,/Volumes/projects/FRET-FISH/iAM618/a488_034.tif,/Volumes/projects/FRET-FISH/iAM618/a594_034.tif,/Volumes/projects/FRET-FISH/iAM618/a488fret_034.tif,395,351,32,395,351,30,2741,2368,14512,1,14.1421356201172,14.1421356201172
349,34,4,2,/Volumes/projects/FRET-FISH/iAM618/a488_034.tif,/Volumes/projects/FRET-FISH/iAM618/a594_034.tif,/Volumes/projects/FRET-FISH/iAM618/a488fret_034.tif,405,419,27,411,417,26,2353,1222,3114,2,35.4682960510254,35.4682960510254
350,34,5,2,/Volumes/projects/FRET-FISH/iAM618/a488_034.tif,/Volumes/projects/FRET-FISH/iAM618/a594_034.tif,/Volumes/projects/FRET-FISH/iAM618/a488fret_034.tif,532,461,24,532,465,22,2713,1460,7966,1,49.6487655639648,49.6487655639648
350,34,5,2,/Volumes/projects/FRET-FISH/iAM618/a488_034.tif,/Volumes/projects/FRET-FISH/iAM618/a594_034.tif,/Volumes/projects/FRET-FISH/iAM618/a488fret_034.tif,511,475,31,512,475,28,2723,1942,8056,2,37.1214218139648,37.1214218139648
355,34,10,2,/Volumes/projects/FRET-FISH/iAM618/a488_034.tif,/Volumes/projects/FRET-FISH/iAM618/a594_034.tif,/Volumes/projects/FRET-FISH/iAM618/a488fret_034.tif,667,798,34,661,797,33,2348,1369,3750,1,32.526912689209,32.526912689209
355,34,10,2,/Volumes/projects/FRET-FISH/iAM618/a488_034.tif,/Volumes/projects/FRET-FISH/iAM618/a594_034.tif,/Volumes/projects/FRET-FISH/iAM618/a488fret_034.tif,631,765,29,631,765,32,2401,1149,2832,2,13.9283885955811,13.9283885955811
356,34,11,2,/Volumes/projects/FRET-FISH/iAM618/a488_034.tif,/Volumes/projects/FRET-FISH/iAM618/a594_034.tif,/Volumes/projects/FRET-FISH/iAM618/a488fret_034.tif,617,877,25,618,873,23,2089,1144,2901,1,40.0249938964844,40.0249938964844
356,34,11,2,/Volumes/projects/FRET-FISH/iAM618/a488_034.tif,/Volumes/projects/FRET-FISH/iAM618/a594_034.tif,/Volumes/projects/FRET-FISH/iAM618/a488fret_034.tif,660,856,32,654,859,32,2295,1582,7883,2,18.8679618835449,18.8679618835449
358,35,2,2,/Volumes/projects/FRET-FISH/iAM618/a488_035.tif,/Volumes/projects/FRET-FISH/iAM618/a594_035.tif,/Volumes/projects/FRET-FISH/iAM618/a488fret_035.tif,922,165,34,925,165,32,3968,5480,4023,1,29.8328685760498,29.8328685760498
358,35,2,2,/Volumes/projects/FRET-FISH/iAM618/a488_035.tif,/Volumes/projects/FRET-FISH/iAM618/a594_035.tif,/Volumes/projects/FRET-FISH/iAM618/a488fret_035.tif,909,175,44,912,171,42,2693,1356,3867,2,37.3363075256348,37.3363075256348
360,35,4,2,/Volumes/projects/FRET-FISH/iAM618/a488_035.tif,/Volumes/projects/FRET-FISH/iAM618/a594_035.tif,/Volumes/projects/FRET-FISH/iAM618/a488fret_035.tif,860,484,30,861,490,30,1850,1162,3138,1,25.4950981140137,25.4950981140137
360,35,4,2,/Volumes/projects/FRET-FISH/iAM618/a488_035.tif,/Volumes/projects/FRET-FISH/iAM618/a594_035.tif,/Volumes/projects/FRET-FISH/iAM618/a488fret_035.tif,827,488,31,831,483,30,2130,1409,4155,2,15.8113880157471,15.8113880157471
364,35,8,2,/Volumes/projects/FRET-FISH/iAM618/a488_035.tif,/Volumes/projects/FRET-FISH/iAM618/a594_035.tif,/Volumes/projects/FRET-FISH/iAM618/a488fret_035.tif,489,760,27,486,761,27,4685,9251,18516,1,29.1547603607178,29.1547603607178
364,35,8,2,/Volumes/projects/FRET-FISH/iAM618/a488_035.tif,/Volumes/projects/FRET-FISH/iAM618/a594_035.tif,/Volumes/projects/FRET-FISH/iAM618/a488fret_035.tif,466,791,26,461,790,25,2262,1390,5363,2,43.1740646362305,43.1740646362305
365,35,9,2,/Volumes/projects/FRET-FISH/iAM618/a488_035.tif,/Volumes/projects/FRET-FISH/iAM618/a594_035.tif,/Volumes/projects/FRET-FISH/iAM618/a488fret_035.tif,755,776,28,758,774,26,2235,1506,5018,1,14.7648229598999,14.7648229598999
365,35,9,2,/Volumes/projects/FRET-FISH/iAM618/a488_035.tif,/Volumes/projects/FRET-FISH/iAM618/a594_035.tif,/Volumes/projects/FRET-FISH/iAM618/a488fret_035.tif,755,780,38,752,784,36,2717,3634,9585,2,18.3847770690918,18.3847770690918
367,36,2,2,/Volumes/projects/FRET-FISH/iAM618/a488_036.tif,/Volumes/projects/FRET-FISH/iAM618/a594_036.tif,/Volumes/projects/FRET-FISH/iAM618/a488fret_036.tif,231,265,29,228,261,27,2800,1616,7949,1,24.0416297912598,24.0416297912598
367,36,2,2,/Volumes/projects/FRET-FISH/iAM618/a488_036.tif,/Volumes/projects/FRET-FISH/iAM618/a594_036.tif,/Volumes/projects/FRET-FISH/iAM618/a488fret_036.tif,234,278,37,229,279,39,2779,3347,3137,2,31.0483493804932,31.0483493804932
368,36,3,2,/Volumes/projects/FRET-FISH/iAM618/a488_036.tif,/Volumes/projects/FRET-FISH/iAM618/a594_036.tif,/Volumes/projects/FRET-FISH/iAM618/a488fret_036.tif,800,465,22,798,471,23,2745,1297,3432,1,21.3775577545166,21.3775577545166
368,36,3,2,/Volumes/projects/FRET-FISH/iAM618/a488_036.tif,/Volumes/projects/FRET-FISH/iAM618/a594_036.tif,/Volumes/projects/FRET-FISH/iAM618/a488fret_036.tif,801,464,39,796,465,37,2662,1355,3822,2,20.2237491607666,20.2237491607666
370,36,5,2,/Volumes/projects/FRET-FISH/iAM618/a488_036.tif,/Volumes/projects/FRET-FISH/iAM618/a594_036.tif,/Volumes/projects/FRET-FISH/iAM618/a488fret_036.tif,548,532,7,549,537,5,13067,2339,6447,1,2,2
370,36,5,2,/Volumes/projects/FRET-FISH/iAM618/a488_036.tif,/Volumes/projects/FRET-FISH/iAM618/a594_036.tif,/Volumes/projects/FRET-FISH/iAM618/a488fret_036.tif,555,560,5,555,560,8,13214,2452,5747,2,1,1
371,36,6,2,/Volumes/projects/FRET-FISH/iAM618/a488_036.tif,/Volumes/projects/FRET-FISH/iAM618/a594_036.tif,/Volumes/projects/FRET-FISH/iAM618/a488fret_036.tif,157,618,28,154,618,29,3840,4147,6855,1,4,4
371,36,6,2,/Volumes/projects/FRET-FISH/iAM618/a488_036.tif,/Volumes/projects/FRET-FISH/iAM618/a594_036.tif,/Volumes/projects/FRET-FISH/iAM618/a488fret_036.tif,119,543,37,122,539,39,2436,1887,3548,2,1,1
379,37,5,2,/Volumes/projects/FRET-FISH/iAM618/a488_037.tif,/Volumes/projects/FRET-FISH/iAM618/a594_037.tif,/Volumes/projects/FRET-FISH/iAM618/a488fret_037.tif,376,377,31,372,374,29,2474,1856,9091,1,6,6
379,37,5,2,/Volumes/projects/FRET-FISH/iAM618/a488_037.tif,/Volumes/projects/FRET-FISH/iAM618/a594_037.tif,/Volumes/projects/FRET-FISH/iAM618/a488fret_037.tif,373,402,23,368,406,22,2185,1175,2594,2,1,1
382,37,8,2,/Volumes/projects/FRET-FISH/iAM618/a488_037.tif,/Volumes/projects/FRET-FISH/iAM618/a594_037.tif,/Volumes/projects/FRET-FISH/iAM618/a488fret_037.tif,391,646,23,390,647,22,2744,1263,2843,1,18.788293838501,18.788293838501
382,37,8,2,/Volumes/projects/FRET-FISH/iAM618/a488_037.tif,/Volumes/projects/FRET-FISH/iAM618/a594_037.tif,/Volumes/projects/FRET-FISH/iAM618/a488fret_037.tif,421,611,31,421,611,34,4188,7265,4065,2,6,6
384,37,10,2,/Volumes/projects/FRET-FISH/iAM618/a488_037.tif,/Volumes/projects/FRET-FISH/iAM618/a594_037.tif,/Volumes/projects/FRET-FISH/iAM618/a488fret_037.tif,666,692,21,663,696,23,2532,1343,3092,1,8.48528099060059,8.48528099060059
384,37,10,2,/Volumes/projects/FRET-FISH/iAM618/a488_037.tif,/Volumes/projects/FRET-FISH/iAM618/a594_037.tif,/Volumes/projects/FRET-FISH/iAM618/a488fret_037.tif,668,693,34,661,693,34,2626,1603,4126,2,7.21110248565674,7.21110248565674
385,37,11,2,/Volumes/projects/FRET-FISH/iAM618/a488_037.tif,/Volumes/projects/FRET-FISH/iAM618/a594_037.tif,/Volumes/projects/FRET-FISH/iAM618/a488fret_037.tif,540,868,34,541,863,36,2339,1158,3027,1,1,1
385,37,11,2,/Volumes/projects/FRET-FISH/iAM618/a488_037.tif,/Volumes/projects/FRET-FISH/iAM618/a594_037.tif,/Volumes/projects/FRET-FISH/iAM618/a488fret_037.tif,623,845,30,624,845,33,2701,3715,3343,2,7.07106781005859,7.07106781005859
386,37,12,2,/Volumes/projects/FRET-FISH/iAM618/a488_037.tif,/Volumes/projects/FRET-FISH/iAM618/a594_037.tif,/Volumes/projects/FRET-FISH/iAM618/a488fret_037.tif,516,883,28,516,880,26,2436,1890,13793,1,19.2353839874268,19.2353839874268
386,37,12,2,/Volumes/projects/FRET-FISH/iAM618/a488_037.tif,/Volumes/projects/FRET-FISH/iAM618/a594_037.tif,/Volumes/projects/FRET-FISH/iAM618/a488fret_037.tif,509,891,36,505,896,35,2054,1219,2999,2,24.6981773376465,24.6981773376465
389,38,3,2,/Volumes/projects/FRET-FISH/iAM618/a488_038.tif,/Volumes/projects/FRET-FISH/iAM618/a594_038.tif,/Volumes/projects/FRET-FISH/iAM618/a488fret_038.tif,650,306,25,648,305,25,3636,6198,11822,1,21.9544982910156,21.9544982910156
389,38,3,2,/Volumes/projects/FRET-FISH/iAM618/a488_038.tif,/Volumes/projects/FRET-FISH/iAM618/a594_038.tif,/Volumes/projects/FRET-FISH/iAM618/a488fret_038.tif,697,292,31,700,296,29,1971,1134,2763,2,22.472204208374,22.472204208374
390,38,4,2,/Volumes/projects/FRET-FISH/iAM618/a488_038.tif,/Volumes/projects/FRET-FISH/iAM618/a594_038.tif,/Volumes/projects/FRET-FISH/iAM618/a488fret_038.tif,417,517,23,420,522,24,2146,1261,3056,1,10,10
390,38,4,2,/Volumes/projects/FRET-FISH/iAM618/a488_038.tif,/Volumes/projects/FRET-FISH/iAM618/a594_038.tif,/Volumes/projects/FRET-FISH/iAM618/a488fret_038.tif,420,525,31,415,526,33,3625,7186,8491,2,2.2360680103302,2.2360680103302
392,38,6,2,/Volumes/projects/FRET-FISH/iAM618/a488_038.tif,/Volumes/projects/FRET-FISH/iAM618/a594_038.tif,/Volumes/projects/FRET-FISH/iAM618/a488fret_038.tif,219,813,31,224,816,31,2111,1596,11844,1,20.2484569549561,20.2484569549561
392,38,6,2,/Volumes/projects/FRET-FISH/iAM618/a488_038.tif,/Volumes/projects/FRET-FISH/iAM618/a594_038.tif,/Volumes/projects/FRET-FISH/iAM618/a488fret_038.tif,238,828,26,235,824,24,2240,1424,9392,2,11,11
394,38,8,2,/Volumes/projects/FRET-FISH/iAM618/a488_038.tif,/Volumes/projects/FRET-FISH/iAM618/a594_038.tif,/Volumes/projects/FRET-FISH/iAM618/a488fret_038.tif,429,875,41,430,875,38,2284,1568,7402,1,15.2970581054688,15.2970581054688
394,38,8,2,/Volumes/projects/FRET-FISH/iAM618/a488_038.tif,/Volumes/projects/FRET-FISH/iAM618/a594_038.tif,/Volumes/projects/FRET-FISH/iAM618/a488fret_038.tif,440,815,26,440,814,29,2602,3939,3100,2,23.5372047424316,23.5372047424316
401,39,7,2,/Volumes/projects/FRET-FISH/iAM618/a488_039.tif,/Volumes/projects/FRET-FISH/iAM618/a594_039.tif,/Volumes/projects/FRET-FISH/iAM618/a488fret_039.tif,169,821,29,165,822,30,3314,4469,8102,1,5,5
401,39,7,2,/Volumes/projects/FRET-FISH/iAM618/a488_039.tif,/Volumes/projects/FRET-FISH/iAM618/a594_039.tif,/Volumes/projects/FRET-FISH/iAM618/a488fret_039.tif,157,827,37,152,823,38,2159,1222,2813,2,16.763053894043,16.763053894043
402,39,8,2,/Volumes/projects/FRET-FISH/iAM618/a488_039.tif,/Volumes/projects/FRET-FISH/iAM618/a594_039.tif,/Volumes/projects/FRET-FISH/iAM618/a488fret_039.tif,452,866,30,448,869,28,2611,1834,5254,1,36.687873840332,36.687873840332
402,39,8,2,/Volumes/projects/FRET-FISH/iAM618/a488_039.tif,/Volumes/projects/FRET-FISH/iAM618/a594_039.tif,/Volumes/projects/FRET-FISH/iAM618/a488fret_039.tif,466,896,32,466,896,35,2759,3046,2813,2,20.6155281066895,20.6155281066895
403,40,1,2,/Volumes/projects/FRET-FISH/iAM618/a488_040.tif,/Volumes/projects/FRET-FISH/iAM618/a594_040.tif,/Volumes/projects/FRET-FISH/iAM618/a488fret_040.tif,336,54,36,339,49,35,3205,4811,4728,1,29.4278774261475,29.4278774261475
403,40,1,2,/Volumes/projects/FRET-FISH/iAM618/a488_040.tif,/Volumes/projects/FRET-FISH/iAM618/a594_040.tif,/Volumes/projects/FRET-FISH/iAM618/a488fret_040.tif,325,56,44,328,62,44,2142,1242,2806,2,27,27
408,40,6,2,/Volumes/projects/FRET-FISH/iAM618/a488_040.tif,/Volumes/projects/FRET-FISH/iAM618/a594_040.tif,/Volumes/projects/FRET-FISH/iAM618/a488fret_040.tif,196,568,35,192,568,36,3004,3718,5113,1,9.43398094177246,9.43398094177246
408,40,6,2,/Volumes/projects/FRET-FISH/iAM618/a488_040.tif,/Volumes/projects/FRET-FISH/iAM618/a594_040.tif,/Volumes/projects/FRET-FISH/iAM618/a488fret_040.tif,227,597,32,230,602,33,2327,1263,2785,2,42.941822052002,42.941822052002
414,41,4,2,/Volumes/projects/FRET-FISH/iAM618/a488_041.tif,/Volumes/projects/FRET-FISH/iAM618/a594_041.tif,/Volumes/projects/FRET-FISH/iAM618/a488fret_041.tif,227,411,27,227,409,29,3644,6182,5774,1,2.82842707633972,2.82842707633972
414,41,4,2,/Volumes/projects/FRET-FISH/iAM618/a488_041.tif,/Volumes/projects/FRET-FISH/iAM618/a594_041.tif,/Volumes/projects/FRET-FISH/iAM618/a488fret_041.tif,251,472,23,257,474,24,2193,1305,2750,2,30.066593170166,30.066593170166
419,42,1,2,/Volumes/projects/FRET-FISH/iAM618/a488_042.tif,/Volumes/projects/FRET-FISH/iAM618/a594_042.tif,/Volumes/projects/FRET-FISH/iAM618/a488fret_042.tif,698,180,28,695,177,27,3096,5740,13105,1,8.9442720413208,8.9442720413208
419,42,1,2,/Volumes/projects/FRET-FISH/iAM618/a488_042.tif,/Volumes/projects/FRET-FISH/iAM618/a594_042.tif,/Volumes/projects/FRET-FISH/iAM618/a488fret_042.tif,687,200,30,683,201,28,1975,1252,5035,2,25.7099208831787,25.7099208831787
423,42,5,2,/Volumes/projects/FRET-FISH/iAM618/a488_042.tif,/Volumes/projects/FRET-FISH/iAM618/a594_042.tif,/Volumes/projects/FRET-FISH/iAM618/a488fret_042.tif,758,513,30,759,512,28,2155,1961,13971,1,5.65685415267944,5.65685415267944
423,42,5,2,/Volumes/projects/FRET-FISH/iAM618/a488_042.tif,/Volumes/projects/FRET-FISH/iAM618/a594_042.tif,/Volumes/projects/FRET-FISH/iAM618/a488fret_042.tif,764,470,29,760,467,27,1974,1195,3127,2,30.1496276855469,30.1496276855469
424,42,6,2,/Volumes/projects/FRET-FISH/iAM618/a488_042.tif,/Volumes/projects/FRET-FISH/iAM618/a594_042.tif,/Volumes/projects/FRET-FISH/iAM618/a488fret_042.tif,703,603,33,700,606,31,2555,1869,12499,1,15,15
424,42,6,2,/Volumes/projects/FRET-FISH/iAM618/a488_042.tif,/Volumes/projects/FRET-FISH/iAM618/a594_042.tif,/Volumes/projects/FRET-FISH/iAM618/a488fret_042.tif,685,593,34,690,593,36,2430,1217,3038,2,15.5241746902466,15.5241746902466
426,42,8,2,/Volumes/projects/FRET-FISH/iAM618/a488_042.tif,/Volumes/projects/FRET-FISH/iAM618/a594_042.tif,/Volumes/projects/FRET-FISH/iAM618/a488fret_042.tif,384,660,40,384,660,43,4117,5909,4236,1,37,37
426,42,8,2,/Volumes/projects/FRET-FISH/iAM618/a488_042.tif,/Volumes/projects/FRET-FISH/iAM618/a594_042.tif,/Volumes/projects/FRET-FISH/iAM618/a488fret_042.tif,386,662,31,386,662,34,2521,1428,3001,2,35.6931381225586,35.6931381225586
428,42,10,2,/Volumes/projects/FRET-FISH/iAM618/a488_042.tif,/Volumes/projects/FRET-FISH/iAM618/a594_042.tif,/Volumes/projects/FRET-FISH/iAM618/a488fret_042.tif,587,681,26,593,679,26,2956,3312,12220,1,28.2311878204346,28.2311878204346
428,42,10,2,/Volumes/projects/FRET-FISH/iAM618/a488_042.tif,/Volumes/projects/FRET-FISH/iAM618/a594_042.tif,/Volumes/projects/FRET-FISH/iAM618/a488fret_042.tif,580,669,35,585,669,33,2316,1374,3292,2,32.1403160095215,32.1403160095215
429,42,11,2,/Volumes/projects/FRET-FISH/iAM618/a488_042.tif,/Volumes/projects/FRET-FISH/iAM618/a594_042.tif,/Volumes/projects/FRET-FISH/iAM618/a488fret_042.tif,808,838,33,808,834,35,2867,3508,8247,1,18.3575592041016,18.3575592041016
429,42,11,2,/Volumes/projects/FRET-FISH/iAM618/a488_042.tif,/Volumes/projects/FRET-FISH/iAM618/a594_042.tif,/Volumes/projects/FRET-FISH/iAM618/a488fret_042.tif,822,876,45,822,875,42,2183,1612,6462,2,19,19
431,43,2,2,/Volumes/projects/FRET-FISH/iAM618/a488_043.tif,/Volumes/projects/FRET-FISH/iAM618/a594_043.tif,/Volumes/projects/FRET-FISH/iAM618/a488fret_043.tif,566,364,27,569,370,27,2116,1279,13424,1,11.4017543792725,11.4017543792725
431,43,2,2,/Volumes/projects/FRET-FISH/iAM618/a488_043.tif,/Volumes/projects/FRET-FISH/iAM618/a594_043.tif,/Volumes/projects/FRET-FISH/iAM618/a488fret_043.tif,565,379,38,565,379,35,2412,1472,4787,2,17,17
436,43,7,2,/Volumes/projects/FRET-FISH/iAM618/a488_043.tif,/Volumes/projects/FRET-FISH/iAM618/a594_043.tif,/Volumes/projects/FRET-FISH/iAM618/a488fret_043.tif,805,709,28,803,710,28,4855,8409,19750,1,18.3575592041016,18.3575592041016
436,43,7,2,/Volumes/projects/FRET-FISH/iAM618/a488_043.tif,/Volumes/projects/FRET-FISH/iAM618/a594_043.tif,/Volumes/projects/FRET-FISH/iAM618/a488fret_043.tif,793,703,37,796,699,35,2115,1159,3120,2,15,15
438,44,1,2,/Volumes/projects/FRET-FISH/iAM618/a488_044.tif,/Volumes/projects/FRET-FISH/iAM618/a594_044.tif,/Volumes/projects/FRET-FISH/iAM618/a488fret_044.tif,239,99,32,235,98,32,3050,4911,8989,1,9.84885787963867,9.84885787963867
438,44,1,2,/Volumes/projects/FRET-FISH/iAM618/a488_044.tif,/Volumes/projects/FRET-FISH/iAM618/a594_044.tif,/Volumes/projects/FRET-FISH/iAM618/a488fret_044.tif,200,77,33,201,77,30,2479,1562,5853,2,15,15
444,44,7,2,/Volumes/projects/FRET-FISH/iAM618/a488_044.tif,/Volumes/projects/FRET-FISH/iAM618/a594_044.tif,/Volumes/projects/FRET-FISH/iAM618/a488fret_044.tif,246,577,28,240,575,27,3887,3880,6583,1,7.61577320098877,7.61577320098877
444,44,7,2,/Volumes/projects/FRET-FISH/iAM618/a488_044.tif,/Volumes/projects/FRET-FISH/iAM618/a594_044.tif,/Volumes/projects/FRET-FISH/iAM618/a488fret_044.tif,232,578,36,225,578,36,2215,1337,2884,2,11.1803398132324,11.1803398132324
445,44,8,2,/Volumes/projects/FRET-FISH/iAM618/a488_044.tif,/Volumes/projects/FRET-FISH/iAM618/a594_044.tif,/Volumes/projects/FRET-FISH/iAM618/a488fret_044.tif,1004,608,36,1000,608,34,2178,1311,7922,1,15.65247631073,15.65247631073
445,44,8,2,/Volumes/projects/FRET-FISH/iAM618/a488_044.tif,/Volumes/projects/FRET-FISH/iAM618/a594_044.tif,/Volumes/projects/FRET-FISH/iAM618/a488fret_044.tif,975,634,22,968,634,22,1812,1105,2968,2,32,32
446,44,9,2,/Volumes/projects/FRET-FISH/iAM618/a488_044.tif,/Volumes/projects/FRET-FISH/iAM618/a594_044.tif,/Volumes/projects/FRET-FISH/iAM618/a488fret_044.tif,102,667,30,97,668,30,2654,2315,4527,1,8.5440034866333,8.5440034866333
446,44,9,2,/Volumes/projects/FRET-FISH/iAM618/a488_044.tif,/Volumes/projects/FRET-FISH/iAM618/a594_044.tif,/Volumes/projects/FRET-FISH/iAM618/a488fret_044.tif,167,682,32,172,678,31,3337,1186,3153,2,1,1
449,44,12,2,/Volumes/projects/FRET-FISH/iAM618/a488_044.tif,/Volumes/projects/FRET-FISH/iAM618/a594_044.tif,/Volumes/projects/FRET-FISH/iAM618/a488fret_044.tif,627,901,37,622,897,36,1959,1170,2877,1,20.8806133270264,20.8806133270264
449,44,12,2,/Volumes/projects/FRET-FISH/iAM618/a488_044.tif,/Volumes/projects/FRET-FISH/iAM618/a594_044.tif,/Volumes/projects/FRET-FISH/iAM618/a488fret_044.tif,635,889,27,636,889,30,3667,7334,4283,2,34.9284973144531,34.9284973144531
453,45,3,2,/Volumes/projects/FRET-FISH/iAM618/a488_045.tif,/Volumes/projects/FRET-FISH/iAM618/a594_045.tif,/Volumes/projects/FRET-FISH/iAM618/a488fret_045.tif,109,107,36,108,111,34,2428,2215,5689,1,21.5870323181152,21.5870323181152
453,45,3,2,/Volumes/projects/FRET-FISH/iAM618/a488_045.tif,/Volumes/projects/FRET-FISH/iAM618/a594_045.tif,/Volumes/projects/FRET-FISH/iAM618/a488fret_045.tif,180,107,37,176,104,35,2675,1899,5530,2,48.0416488647461,48.0416488647461
455,45,5,2,/Volumes/projects/FRET-FISH/iAM618/a488_045.tif,/Volumes/projects/FRET-FISH/iAM618/a594_045.tif,/Volumes/projects/FRET-FISH/iAM618/a488fret_045.tif,595,464,40,591,465,38,2777,2265,12645,1,34.4818801879883,34.4818801879883
455,45,5,2,/Volumes/projects/FRET-FISH/iAM618/a488_045.tif,/Volumes/projects/FRET-FISH/iAM618/a594_045.tif,/Volumes/projects/FRET-FISH/iAM618/a488fret_045.tif,595,441,41,596,441,38,2711,1255,3393,2,20.5182838439941,20.5182838439941
462,45,12,2,/Volumes/projects/FRET-FISH/iAM618/a488_045.tif,/Volumes/projects/FRET-FISH/iAM618/a594_045.tif,/Volumes/projects/FRET-FISH/iAM618/a488fret_045.tif,790,1017,29,794,1018,27,2389,1580,5041,1,5,5
462,45,12,2,/Volumes/projects/FRET-FISH/iAM618/a488_045.tif,/Volumes/projects/FRET-FISH/iAM618/a594_045.tif,/Volumes/projects/FRET-FISH/iAM618/a488fret_045.tif,794,1017,20,790,1019,18,2247,1693,3075,2,5.38516473770142,5.38516473770142
463,46,1,2,/Volumes/projects/FRET-FISH/iAM618/a488_046.tif,/Volumes/projects/FRET-FISH/iAM618/a594_046.tif,/Volumes/projects/FRET-FISH/iAM618/a488fret_046.tif,523,144,35,521,140,33,2061,1320,4659,1,41.7731971740723,41.7731971740723
463,46,1,2,/Volumes/projects/FRET-FISH/iAM618/a488_046.tif,/Volumes/projects/FRET-FISH/iAM618/a594_046.tif,/Volumes/projects/FRET-FISH/iAM618/a488fret_046.tif,549,139,31,545,136,29,2986,4388,18922,2,49.2036590576172,49.2036590576172
464,46,2,2,/Volumes/projects/FRET-FISH/iAM618/a488_046.tif,/Volumes/projects/FRET-FISH/iAM618/a594_046.tif,/Volumes/projects/FRET-FISH/iAM618/a488fret_046.tif,926,200,43,925,199,44,4282,7743,14398,1,5,5
464,46,2,2,/Volumes/projects/FRET-FISH/iAM618/a488_046.tif,/Volumes/projects/FRET-FISH/iAM618/a594_046.tif,/Volumes/projects/FRET-FISH/iAM618/a488fret_046.tif,955,146,33,948,146,33,3834,1341,3747,2,5.38516473770142,5.38516473770142
465,46,3,2,/Volumes/projects/FRET-FISH/iAM618/a488_046.tif,/Volumes/projects/FRET-FISH/iAM618/a594_046.tif,/Volumes/projects/FRET-FISH/iAM618/a488fret_046.tif,376,227,34,377,227,37,3363,4452,4411,1,10.4403066635132,10.4403066635132
465,46,3,2,/Volumes/projects/FRET-FISH/iAM618/a488_046.tif,/Volumes/projects/FRET-FISH/iAM618/a594_046.tif,/Volumes/projects/FRET-FISH/iAM618/a488fret_046.tif,360,206,22,360,205,25,3123,4879,3092,2,22.472204208374,22.472204208374
467,46,5,2,/Volumes/projects/FRET-FISH/iAM618/a488_046.tif,/Volumes/projects/FRET-FISH/iAM618/a594_046.tif,/Volumes/projects/FRET-FISH/iAM618/a488fret_046.tif,648,328,34,647,326,32,2822,2740,5802,1,35.7770881652832,35.7770881652832
467,46,5,2,/Volumes/projects/FRET-FISH/iAM618/a488_046.tif,/Volumes/projects/FRET-FISH/iAM618/a594_046.tif,/Volumes/projects/FRET-FISH/iAM618/a488fret_046.tif,701,335,37,700,340,35,2420,1367,4679,2,8.60232543945312,8.60232543945312
468,46,6,2,/Volumes/projects/FRET-FISH/iAM618/a488_046.tif,/Volumes/projects/FRET-FISH/iAM618/a594_046.tif,/Volumes/projects/FRET-FISH/iAM618/a488fret_046.tif,161,361,28,164,367,28,1879,1247,2577,1,12.6491107940674,12.6491107940674
468,46,6,2,/Volumes/projects/FRET-FISH/iAM618/a488_046.tif,/Volumes/projects/FRET-FISH/iAM618/a594_046.tif,/Volumes/projects/FRET-FISH/iAM618/a488fret_046.tif,78,306,31,79,301,29,2143,1144,3206,2,1,1
472,46,10,2,/Volumes/projects/FRET-FISH/iAM618/a488_046.tif,/Volumes/projects/FRET-FISH/iAM618/a594_046.tif,/Volumes/projects/FRET-FISH/iAM618/a488fret_046.tif,253,625,22,257,628,22,2522,3043,5260,1,46.8721656799316,46.8721656799316
472,46,10,2,/Volumes/projects/FRET-FISH/iAM618/a488_046.tif,/Volumes/projects/FRET-FISH/iAM618/a594_046.tif,/Volumes/projects/FRET-FISH/iAM618/a488fret_046.tif,290,635,26,288,638,24,2993,2979,21129,2,17,17
480,47,6,2,/Volumes/projects/FRET-FISH/iAM618/a488_047.tif,/Volumes/projects/FRET-FISH/iAM618/a594_047.tif,/Volumes/projects/FRET-FISH/iAM618/a488fret_047.tif,728,658,34,725,661,32,3392,1613,8311,1,21.2132034301758,21.2132034301758
480,47,6,2,/Volumes/projects/FRET-FISH/iAM618/a488_047.tif,/Volumes/projects/FRET-FISH/iAM618/a594_047.tif,/Volumes/projects/FRET-FISH/iAM618/a488fret_047.tif,716,651,25,711,652,23,3172,1410,7756,2,8.06225776672363,8.06225776672363
481,47,7,2,/Volumes/projects/FRET-FISH/iAM618/a488_047.tif,/Volumes/projects/FRET-FISH/iAM618/a594_047.tif,/Volumes/projects/FRET-FISH/iAM618/a488fret_047.tif,628,852,32,629,852,35,2935,3569,3295,1,21.2602920532227,21.2602920532227
481,47,7,2,/Volumes/projects/FRET-FISH/iAM618/a488_047.tif,/Volumes/projects/FRET-FISH/iAM618/a594_047.tif,/Volumes/projects/FRET-FISH/iAM618/a488fret_047.tif,636,842,40,637,842,43,2308,1223,2812,2,20.5182838439941,20.5182838439941
483,48,1,2,/Volumes/projects/FRET-FISH/iAM618/a488_048.tif,/Volumes/projects/FRET-FISH/iAM618/a594_048.tif,/Volumes/projects/FRET-FISH/iAM618/a488fret_048.tif,282,208,30,279,207,30,4803,10618,19740,1,2,2
483,48,1,2,/Volumes/projects/FRET-FISH/iAM618/a488_048.tif,/Volumes/projects/FRET-FISH/iAM618/a594_048.tif,/Volumes/projects/FRET-FISH/iAM618/a488fret_048.tif,268,215,39,272,218,37,2480,1316,3117,2,5,5
484,48,2,2,/Volumes/projects/FRET-FISH/iAM618/a488_048.tif,/Volumes/projects/FRET-FISH/iAM618/a594_048.tif,/Volumes/projects/FRET-FISH/iAM618/a488fret_048.tif,779,236,32,776,238,30,2336,2727,13354,1,4.4721360206604,4.4721360206604
484,48,2,2,/Volumes/projects/FRET-FISH/iAM618/a488_048.tif,/Volumes/projects/FRET-FISH/iAM618/a594_048.tif,/Volumes/projects/FRET-FISH/iAM618/a488fret_048.tif,768,234,23,762,237,23,2130,1190,2870,2,14.7648229598999,14.7648229598999
489,48,7,2,/Volumes/projects/FRET-FISH/iAM618/a488_048.tif,/Volumes/projects/FRET-FISH/iAM618/a594_048.tif,/Volumes/projects/FRET-FISH/iAM618/a488fret_048.tif,212,734,28,208,735,29,4229,7397,12537,1,10.4403066635132,10.4403066635132
489,48,7,2,/Volumes/projects/FRET-FISH/iAM618/a488_048.tif,/Volumes/projects/FRET-FISH/iAM618/a594_048.tif,/Volumes/projects/FRET-FISH/iAM618/a488fret_048.tif,203,714,33,207,715,31,2793,1573,4454,2,3.16227769851685,3.16227769851685
490,48,8,2,/Volumes/projects/FRET-FISH/iAM618/a488_048.tif,/Volumes/projects/FRET-FISH/iAM618/a594_048.tif,/Volumes/projects/FRET-FISH/iAM618/a488fret_048.tif,671,830,37,665,829,36,2982,3360,14557,1,25.4950981140137,25.4950981140137
490,48,8,2,/Volumes/projects/FRET-FISH/iAM618/a488_048.tif,/Volumes/projects/FRET-FISH/iAM618/a594_048.tif,/Volumes/projects/FRET-FISH/iAM618/a488fret_048.tif,678,820,45,673,819,43,2559,1302,3222,2,17.1172428131104,17.1172428131104
492,49,1,2,/Volumes/projects/FRET-FISH/iAM618/a488_049.tif,/Volumes/projects/FRET-FISH/iAM618/a594_049.tif,/Volumes/projects/FRET-FISH/iAM618/a488fret_049.tif,932,125,30,932,121,28,2369,1469,6569,1,16.5529460906982,16.5529460906982
492,49,1,2,/Volumes/projects/FRET-FISH/iAM618/a488_049.tif,/Volumes/projects/FRET-FISH/iAM618/a594_049.tif,/Volumes/projects/FRET-FISH/iAM618/a488fret_049.tif,936,109,24,937,105,22,2660,2325,13991,2,32.2490310668945,32.2490310668945
494,49,3,2,/Volumes/projects/FRET-FISH/iAM618/a488_049.tif,/Volumes/projects/FRET-FISH/iAM618/a594_049.tif,/Volumes/projects/FRET-FISH/iAM618/a488fret_049.tif,482,218,29,478,220,27,2783,2041,10875,1,13.4536237716675,13.4536237716675
494,49,3,2,/Volumes/projects/FRET-FISH/iAM618/a488_049.tif,/Volumes/projects/FRET-FISH/iAM618/a594_049.tif,/Volumes/projects/FRET-FISH/iAM618/a488fret_049.tif,490,214,37,489,214,34,2418,1358,4062,2,21.931713104248,21.931713104248
500,49,9,2,/Volumes/projects/FRET-FISH/iAM618/a488_049.tif,/Volumes/projects/FRET-FISH/iAM618/a594_049.tif,/Volumes/projects/FRET-FISH/iAM618/a488fret_049.tif,390,927,21,391,921,21,2316,1390,2549,1,27.4590606689453,27.4590606689453
500,49,9,2,/Volumes/projects/FRET-FISH/iAM618/a488_049.tif,/Volumes/projects/FRET-FISH/iAM618/a594_049.tif,/Volumes/projects/FRET-FISH/iAM618/a488fret_049.tif,386,931,31,383,935,29,2316,1765,6296,2,24,24
501,50,1,2,/Volumes/projects/FRET-FISH/iAM618/a488_050.tif,/Volumes/projects/FRET-FISH/iAM618/a594_050.tif,/Volumes/projects/FRET-FISH/iAM618/a488fret_050.tif,753,195,29,756,196,30,2591,3088,11772,1,13.8924436569214,13.8924436569214
501,50,1,2,/Volumes/projects/FRET-FISH/iAM618/a488_050.tif,/Volumes/projects/FRET-FISH/iAM618/a594_050.tif,/Volumes/projects/FRET-FISH/iAM618/a488fret_050.tif,768,208,38,768,201,38,2268,1227,3205,2,7,7
502,50,2,2,/Volumes/projects/FRET-FISH/iAM618/a488_050.tif,/Volumes/projects/FRET-FISH/iAM618/a594_050.tif,/Volumes/projects/FRET-FISH/iAM618/a488fret_050.tif,211,293,27,217,295,28,2712,1286,3003,1,56.0892143249512,56.0892143249512
502,50,2,2,/Volumes/projects/FRET-FISH/iAM618/a488_050.tif,/Volumes/projects/FRET-FISH/iAM618/a594_050.tif,/Volumes/projects/FRET-FISH/iAM618/a488fret_050.tif,199,243,27,196,247,25,2525,2169,19343,2,11,11
503,50,3,2,/Volumes/projects/FRET-FISH/iAM618/a488_050.tif,/Volumes/projects/FRET-FISH/iAM618/a594_050.tif,/Volumes/projects/FRET-FISH/iAM618/a488fret_050.tif,540,283,31,534,282,32,3132,3932,9801,1,12,12
503,50,3,2,/Volumes/projects/FRET-FISH/iAM618/a488_050.tif,/Volumes/projects/FRET-FISH/iAM618/a594_050.tif,/Volumes/projects/FRET-FISH/iAM618/a488fret_050.tif,545,339,22,540,343,21,3064,1342,3411,2,26.5706596374512,26.5706596374512
505,50,5,2,/Volumes/projects/FRET-FISH/iAM618/a488_050.tif,/Volumes/projects/FRET-FISH/iAM618/a594_050.tif,/Volumes/projects/FRET-FISH/iAM618/a488fret_050.tif,729,362,30,734,362,28,3598,5488,7088,1,14.5602197647095,14.5602197647095
505,50,5,2,/Volumes/projects/FRET-FISH/iAM618/a488_050.tif,/Volumes/projects/FRET-FISH/iAM618/a594_050.tif,/Volumes/projects/FRET-FISH/iAM618/a488fret_050.tif,724,376,39,720,373,37,2770,1497,5818,2,29,29
506,50,6,2,/Volumes/projects/FRET-FISH/iAM618/a488_050.tif,/Volumes/projects/FRET-FISH/iAM618/a594_050.tif,/Volumes/projects/FRET-FISH/iAM618/a488fret_050.tif,500,408,38,500,408,35,3092,1933,5379,1,18.788293838501,18.788293838501
506,50,6,2,/Volumes/projects/FRET-FISH/iAM618/a488_050.tif,/Volumes/projects/FRET-FISH/iAM618/a594_050.tif,/Volumes/projects/FRET-FISH/iAM618/a488fret_050.tif,479,430,26,479,429,23,3926,1371,3260,2,34.2052612304688,34.2052612304688
508,50,8,2,/Volumes/projects/FRET-FISH/iAM618/a488_050.tif,/Volumes/projects/FRET-FISH/iAM618/a594_050.tif,/Volumes/projects/FRET-FISH/iAM618/a488fret_050.tif,328,605,32,324,603,30,2939,1889,8140,1,24.3310508728027,24.3310508728027
508,50,8,2,/Volumes/projects/FRET-FISH/iAM618/a488_050.tif,/Volumes/projects/FRET-FISH/iAM618/a594_050.tif,/Volumes/projects/FRET-FISH/iAM618/a488fret_050.tif,335,590,41,335,589,38,2797,1382,3438,2,26.2488098144531,26.2488098144531
512,50,12,2,/Volumes/projects/FRET-FISH/iAM618/a488_050.tif,/Volumes/projects/FRET-FISH/iAM618/a594_050.tif,/Volumes/projects/FRET-FISH/iAM618/a488fret_050.tif,551,851,30,547,853,28,2535,1378,3400,1,5,5
512,50,12,2,/Volumes/projects/FRET-FISH/iAM618/a488_050.tif,/Volumes/projects/FRET-FISH/iAM618/a594_050.tif,/Volumes/projects/FRET-FISH/iAM618/a488fret_050.tif,584,858,37,580,861,35,2305,1426,6591,2,20,20
