nuclei,fov,original_nuclei,n_pairs,DonorFile,AcceptorFile,FretFile,X_A,Y_A,Z_A,X_D,Y_D,Z_D,Fret,Acceptor,Donor,Pair
3,1,3,2,/Volumes/projects/FRET-FISH/iAM634/a488_001.tif,/Volumes/projects/FRET-FISH/iAM634/a594_001.tif,/Volumes/projects/FRET-FISH/iAM634/a488fret_001.tif,502,230,18,502,230,21,2218,1617,4598,1
3,1,3,2,/Volumes/projects/FRET-FISH/iAM634/a488_001.tif,/Volumes/projects/FRET-FISH/iAM634/a594_001.tif,/Volumes/projects/FRET-FISH/iAM634/a488fret_001.tif,465,209,26,464,209,29,2341,1518,4951,2
4,1,4,2,/Volumes/projects/FRET-FISH/iAM634/a488_001.tif,/Volumes/projects/FRET-FISH/iAM634/a594_001.tif,/Volumes/projects/FRET-FISH/iAM634/a488fret_001.tif,732,372,21,735,368,23,2461,1481,5253,1
4,1,4,2,/Volumes/projects/FRET-FISH/iAM634/a488_001.tif,/Volumes/projects/FRET-FISH/iAM634/a594_001.tif,/Volumes/projects/FRET-FISH/iAM634/a488fret_001.tif,679,341,21,674,342,19,2319,1614,10134,2
5,1,5,2,/Volumes/projects/FRET-FISH/iAM634/a488_001.tif,/Volumes/projects/FRET-FISH/iAM634/a594_001.tif,/Volumes/projects/FRET-FISH/iAM634/a488fret_001.tif,179,392,21,175,391,22,3408,3672,9607,1
5,1,5,2,/Volumes/projects/FRET-FISH/iAM634/a488_001.tif,/Volumes/projects/FRET-FISH/iAM634/a594_001.tif,/Volumes/projects/FRET-FISH/iAM634/a488fret_001.tif,189,411,26,193,416,27,2958,2227,6323,2
6,1,6,2,/Volumes/projects/FRET-FISH/iAM634/a488_001.tif,/Volumes/projects/FRET-FISH/iAM634/a594_001.tif,/Volumes/projects/FRET-FISH/iAM634/a488fret_001.tif,610,459,16,614,454,17,2691,1890,5987,1
6,1,6,2,/Volumes/projects/FRET-FISH/iAM634/a488_001.tif,/Volumes/projects/FRET-FISH/iAM634/a594_001.tif,/Volumes/projects/FRET-FISH/iAM634/a488fret_001.tif,592,515,16,593,510,14,2730,1849,9255,2
8,1,8,2,/Volumes/projects/FRET-FISH/iAM634/a488_001.tif,/Volumes/projects/FRET-FISH/iAM634/a594_001.tif,/Volumes/projects/FRET-FISH/iAM634/a488fret_001.tif,726,525,22,728,521,20,2502,1839,9810,1
8,1,8,2,/Volumes/projects/FRET-FISH/iAM634/a488_001.tif,/Volumes/projects/FRET-FISH/iAM634/a594_001.tif,/Volumes/projects/FRET-FISH/iAM634/a488fret_001.tif,744,532,25,742,526,26,2683,1874,6126,2
12,1,12,2,/Volumes/projects/FRET-FISH/iAM634/a488_001.tif,/Volumes/projects/FRET-FISH/iAM634/a594_001.tif,/Volumes/projects/FRET-FISH/iAM634/a488fret_001.tif,863,824,14,860,826,12,2404,1510,7671,1
12,1,12,2,/Volumes/projects/FRET-FISH/iAM634/a488_001.tif,/Volumes/projects/FRET-FISH/iAM634/a594_001.tif,/Volumes/projects/FRET-FISH/iAM634/a488fret_001.tif,865,835,22,860,839,21,2124,1483,5203,2
14,2,1,2,/Volumes/projects/FRET-FISH/iAM634/a488_002.tif,/Volumes/projects/FRET-FISH/iAM634/a594_002.tif,/Volumes/projects/FRET-FISH/iAM634/a488fret_002.tif,798,114,15,794,117,14,2750,2126,13020,1
14,2,1,2,/Volumes/projects/FRET-FISH/iAM634/a488_002.tif,/Volumes/projects/FRET-FISH/iAM634/a594_002.tif,/Volumes/projects/FRET-FISH/iAM634/a488fret_002.tif,792,91,18,792,96,16,2171,1763,5977,2
15,2,2,2,/Volumes/projects/FRET-FISH/iAM634/a488_002.tif,/Volumes/projects/FRET-FISH/iAM634/a594_002.tif,/Volumes/projects/FRET-FISH/iAM634/a488fret_002.tif,561,114,26,565,109,26,2154,1857,6442,1
15,2,2,2,/Volumes/projects/FRET-FISH/iAM634/a488_002.tif,/Volumes/projects/FRET-FISH/iAM634/a594_002.tif,/Volumes/projects/FRET-FISH/iAM634/a488fret_002.tif,586,118,26,584,114,24,2979,2603,16824,2
16,2,3,2,/Volumes/projects/FRET-FISH/iAM634/a488_002.tif,/Volumes/projects/FRET-FISH/iAM634/a594_002.tif,/Volumes/projects/FRET-FISH/iAM634/a488fret_002.tif,273,249,19,269,248,19,3641,4863,13552,1
16,2,3,2,/Volumes/projects/FRET-FISH/iAM634/a488_002.tif,/Volumes/projects/FRET-FISH/iAM634/a594_002.tif,/Volumes/projects/FRET-FISH/iAM634/a488fret_002.tif,327,178,26,331,175,24,2916,2142,6435,2
18,2,5,2,/Volumes/projects/FRET-FISH/iAM634/a488_002.tif,/Volumes/projects/FRET-FISH/iAM634/a594_002.tif,/Volumes/projects/FRET-FISH/iAM634/a488fret_002.tif,289,374,29,284,371,30,2557,1920,6576,1
18,2,5,2,/Volumes/projects/FRET-FISH/iAM634/a488_002.tif,/Volumes/projects/FRET-FISH/iAM634/a594_002.tif,/Volumes/projects/FRET-FISH/iAM634/a488fret_002.tif,334,415,22,333,415,19,2841,1843,5252,2
21,2,8,2,/Volumes/projects/FRET-FISH/iAM634/a488_002.tif,/Volumes/projects/FRET-FISH/iAM634/a594_002.tif,/Volumes/projects/FRET-FISH/iAM634/a488fret_002.tif,804,567,18,807,563,16,2411,1763,6176,1
21,2,8,2,/Volumes/projects/FRET-FISH/iAM634/a488_002.tif,/Volumes/projects/FRET-FISH/iAM634/a594_002.tif,/Volumes/projects/FRET-FISH/iAM634/a488fret_002.tif,792,587,14,785,587,14,2730,1797,16767,2
23,2,10,2,/Volumes/projects/FRET-FISH/iAM634/a488_002.tif,/Volumes/projects/FRET-FISH/iAM634/a594_002.tif,/Volumes/projects/FRET-FISH/iAM634/a488fret_002.tif,620,586,16,622,580,17,2560,1719,5334,1
23,2,10,2,/Volumes/projects/FRET-FISH/iAM634/a488_002.tif,/Volumes/projects/FRET-FISH/iAM634/a594_002.tif,/Volumes/projects/FRET-FISH/iAM634/a488fret_002.tif,624,593,24,623,598,22,2601,1701,10766,2
27,2,14,2,/Volumes/projects/FRET-FISH/iAM634/a488_002.tif,/Volumes/projects/FRET-FISH/iAM634/a594_002.tif,/Volumes/projects/FRET-FISH/iAM634/a488fret_002.tif,452,928,19,453,922,20,2260,1691,6289,1
27,2,14,2,/Volumes/projects/FRET-FISH/iAM634/a488_002.tif,/Volumes/projects/FRET-FISH/iAM634/a594_002.tif,/Volumes/projects/FRET-FISH/iAM634/a488fret_002.tif,472,936,20,467,936,22,2158,1680,5070,2
28,2,15,2,/Volumes/projects/FRET-FISH/iAM634/a488_002.tif,/Volumes/projects/FRET-FISH/iAM634/a594_002.tif,/Volumes/projects/FRET-FISH/iAM634/a488fret_002.tif,378,996,20,379,996,18,2791,2139,11157,1
28,2,15,2,/Volumes/projects/FRET-FISH/iAM634/a488_002.tif,/Volumes/projects/FRET-FISH/iAM634/a594_002.tif,/Volumes/projects/FRET-FISH/iAM634/a488fret_002.tif,326,961,22,326,966,24,2657,1802,5338,2
29,3,1,2,/Volumes/projects/FRET-FISH/iAM634/a488_003.tif,/Volumes/projects/FRET-FISH/iAM634/a594_003.tif,/Volumes/projects/FRET-FISH/iAM634/a488fret_003.tif,611,90,27,607,92,25,2588,2286,8618,1
29,3,1,2,/Volumes/projects/FRET-FISH/iAM634/a488_003.tif,/Volumes/projects/FRET-FISH/iAM634/a594_003.tif,/Volumes/projects/FRET-FISH/iAM634/a488fret_003.tif,584,58,18,583,63,16,2555,2237,7886,2
33,3,5,2,/Volumes/projects/FRET-FISH/iAM634/a488_003.tif,/Volumes/projects/FRET-FISH/iAM634/a594_003.tif,/Volumes/projects/FRET-FISH/iAM634/a488fret_003.tif,463,330,18,457,332,19,2765,2265,7076,1
33,3,5,2,/Volumes/projects/FRET-FISH/iAM634/a488_003.tif,/Volumes/projects/FRET-FISH/iAM634/a594_003.tif,/Volumes/projects/FRET-FISH/iAM634/a488fret_003.tif,448,337,28,443,338,26,2847,1761,7522,2
34,3,6,2,/Volumes/projects/FRET-FISH/iAM634/a488_003.tif,/Volumes/projects/FRET-FISH/iAM634/a594_003.tif,/Volumes/projects/FRET-FISH/iAM634/a488fret_003.tif,718,363,18,718,361,16,2600,1825,10832,1
34,3,6,2,/Volumes/projects/FRET-FISH/iAM634/a488_003.tif,/Volumes/projects/FRET-FISH/iAM634/a594_003.tif,/Volumes/projects/FRET-FISH/iAM634/a488fret_003.tif,687,393,19,689,399,18,2783,1909,6462,2
37,3,9,2,/Volumes/projects/FRET-FISH/iAM634/a488_003.tif,/Volumes/projects/FRET-FISH/iAM634/a594_003.tif,/Volumes/projects/FRET-FISH/iAM634/a488fret_003.tif,347,550,31,346,547,29,2422,1865,8963,1
37,3,9,2,/Volumes/projects/FRET-FISH/iAM634/a488_003.tif,/Volumes/projects/FRET-FISH/iAM634/a594_003.tif,/Volumes/projects/FRET-FISH/iAM634/a488fret_003.tif,303,601,28,306,597,30,2648,1717,4897,2
40,3,12,2,/Volumes/projects/FRET-FISH/iAM634/a488_003.tif,/Volumes/projects/FRET-FISH/iAM634/a594_003.tif,/Volumes/projects/FRET-FISH/iAM634/a488fret_003.tif,449,765,25,446,761,23,2544,1942,6472,1
40,3,12,2,/Volumes/projects/FRET-FISH/iAM634/a488_003.tif,/Volumes/projects/FRET-FISH/iAM634/a594_003.tif,/Volumes/projects/FRET-FISH/iAM634/a488fret_003.tif,450,789,26,451,789,23,2811,2113,9348,2
44,4,2,2,/Volumes/projects/FRET-FISH/iAM634/a488_004.tif,/Volumes/projects/FRET-FISH/iAM634/a594_004.tif,/Volumes/projects/FRET-FISH/iAM634/a488fret_004.tif,16,153,26,11,151,27,12389,2747,8260,1
44,4,2,2,/Volumes/projects/FRET-FISH/iAM634/a488_004.tif,/Volumes/projects/FRET-FISH/iAM634/a594_004.tif,/Volumes/projects/FRET-FISH/iAM634/a488fret_004.tif,103,94,17,97,97,17,2988,1889,6963,2
47,4,5,2,/Volumes/projects/FRET-FISH/iAM634/a488_004.tif,/Volumes/projects/FRET-FISH/iAM634/a594_004.tif,/Volumes/projects/FRET-FISH/iAM634/a488fret_004.tif,796,557,20,798,558,18,2380,1763,10873,1
47,4,5,2,/Volumes/projects/FRET-FISH/iAM634/a488_004.tif,/Volumes/projects/FRET-FISH/iAM634/a594_004.tif,/Volumes/projects/FRET-FISH/iAM634/a488fret_004.tif,788,537,26,788,538,23,2287,1554,5780,2
52,5,2,2,/Volumes/projects/FRET-FISH/iAM634/a488_005.tif,/Volumes/projects/FRET-FISH/iAM634/a594_005.tif,/Volumes/projects/FRET-FISH/iAM634/a488fret_005.tif,163,162,18,162,157,16,2891,2052,5129,1
52,5,2,2,/Volumes/projects/FRET-FISH/iAM634/a488_005.tif,/Volumes/projects/FRET-FISH/iAM634/a594_005.tif,/Volumes/projects/FRET-FISH/iAM634/a488fret_005.tif,203,90,23,204,90,20,2745,1803,7900,2
53,5,3,2,/Volumes/projects/FRET-FISH/iAM634/a488_005.tif,/Volumes/projects/FRET-FISH/iAM634/a594_005.tif,/Volumes/projects/FRET-FISH/iAM634/a488fret_005.tif,764,167,22,763,162,20,2585,2411,24414,1
53,5,3,2,/Volumes/projects/FRET-FISH/iAM634/a488_005.tif,/Volumes/projects/FRET-FISH/iAM634/a594_005.tif,/Volumes/projects/FRET-FISH/iAM634/a488fret_005.tif,828,185,21,828,186,18,2277,1746,5668,2
56,5,6,2,/Volumes/projects/FRET-FISH/iAM634/a488_005.tif,/Volumes/projects/FRET-FISH/iAM634/a594_005.tif,/Volumes/projects/FRET-FISH/iAM634/a488fret_005.tif,529,489,22,530,494,24,2989,1733,7701,1
56,5,6,2,/Volumes/projects/FRET-FISH/iAM634/a488_005.tif,/Volumes/projects/FRET-FISH/iAM634/a594_005.tif,/Volumes/projects/FRET-FISH/iAM634/a488fret_005.tif,518,460,26,518,460,23,3002,1747,5632,2
60,5,10,2,/Volumes/projects/FRET-FISH/iAM634/a488_005.tif,/Volumes/projects/FRET-FISH/iAM634/a594_005.tif,/Volumes/projects/FRET-FISH/iAM634/a488fret_005.tif,488,611,25,491,606,24,2777,1798,13835,1
60,5,10,2,/Volumes/projects/FRET-FISH/iAM634/a488_005.tif,/Volumes/projects/FRET-FISH/iAM634/a594_005.tif,/Volumes/projects/FRET-FISH/iAM634/a488fret_005.tif,482,655,16,481,655,19,2919,1844,5885,2
61,5,11,2,/Volumes/projects/FRET-FISH/iAM634/a488_005.tif,/Volumes/projects/FRET-FISH/iAM634/a594_005.tif,/Volumes/projects/FRET-FISH/iAM634/a488fret_005.tif,170,709,18,169,705,16,2433,1685,13565,1
61,5,11,2,/Volumes/projects/FRET-FISH/iAM634/a488_005.tif,/Volumes/projects/FRET-FISH/iAM634/a594_005.tif,/Volumes/projects/FRET-FISH/iAM634/a488fret_005.tif,190,719,23,189,724,21,2263,1687,5513,2
64,5,14,2,/Volumes/projects/FRET-FISH/iAM634/a488_005.tif,/Volumes/projects/FRET-FISH/iAM634/a594_005.tif,/Volumes/projects/FRET-FISH/iAM634/a488fret_005.tif,903,896,17,905,890,18,2509,1565,5604,1
64,5,14,2,/Volumes/projects/FRET-FISH/iAM634/a488_005.tif,/Volumes/projects/FRET-FISH/iAM634/a594_005.tif,/Volumes/projects/FRET-FISH/iAM634/a488fret_005.tif,873,873,20,868,874,22,2684,1617,5215,2
65,5,15,2,/Volumes/projects/FRET-FISH/iAM634/a488_005.tif,/Volumes/projects/FRET-FISH/iAM634/a594_005.tif,/Volumes/projects/FRET-FISH/iAM634/a488fret_005.tif,82,910,12,78,911,13,3169,4210,12638,1
65,5,15,2,/Volumes/projects/FRET-FISH/iAM634/a488_005.tif,/Volumes/projects/FRET-FISH/iAM634/a594_005.tif,/Volumes/projects/FRET-FISH/iAM634/a488fret_005.tif,68,937,15,72,942,16,2463,1833,4041,2
66,6,1,2,/Volumes/projects/FRET-FISH/iAM634/a488_006.tif,/Volumes/projects/FRET-FISH/iAM634/a594_006.tif,/Volumes/projects/FRET-FISH/iAM634/a488fret_006.tif,333,42,14,337,41,16,2114,1658,23005,1
66,6,1,2,/Volumes/projects/FRET-FISH/iAM634/a488_006.tif,/Volumes/projects/FRET-FISH/iAM634/a594_006.tif,/Volumes/projects/FRET-FISH/iAM634/a488fret_006.tif,402,128,14,397,124,15,2284,1716,5072,2
67,6,2,2,/Volumes/projects/FRET-FISH/iAM634/a488_006.tif,/Volumes/projects/FRET-FISH/iAM634/a594_006.tif,/Volumes/projects/FRET-FISH/iAM634/a488fret_006.tif,662,176,21,666,173,23,2473,1492,5872,1
67,6,2,2,/Volumes/projects/FRET-FISH/iAM634/a488_006.tif,/Volumes/projects/FRET-FISH/iAM634/a594_006.tif,/Volumes/projects/FRET-FISH/iAM634/a488fret_006.tif,677,199,28,677,198,25,2453,1483,5680,2
69,6,4,2,/Volumes/projects/FRET-FISH/iAM634/a488_006.tif,/Volumes/projects/FRET-FISH/iAM634/a594_006.tif,/Volumes/projects/FRET-FISH/iAM634/a488fret_006.tif,513,295,27,510,291,25,2320,1522,5613,1
69,6,4,2,/Volumes/projects/FRET-FISH/iAM634/a488_006.tif,/Volumes/projects/FRET-FISH/iAM634/a594_006.tif,/Volumes/projects/FRET-FISH/iAM634/a488fret_006.tif,553,265,26,553,265,23,2358,1584,6041,2
72,6,7,2,/Volumes/projects/FRET-FISH/iAM634/a488_006.tif,/Volumes/projects/FRET-FISH/iAM634/a594_006.tif,/Volumes/projects/FRET-FISH/iAM634/a488fret_006.tif,344,435,19,349,431,20,3744,6158,6024,1
72,6,7,2,/Volumes/projects/FRET-FISH/iAM634/a488_006.tif,/Volumes/projects/FRET-FISH/iAM634/a594_006.tif,/Volumes/projects/FRET-FISH/iAM634/a488fret_006.tif,389,398,21,390,393,23,2349,1838,5700,2
77,6,12,2,/Volumes/projects/FRET-FISH/iAM634/a488_006.tif,/Volumes/projects/FRET-FISH/iAM634/a594_006.tif,/Volumes/projects/FRET-FISH/iAM634/a488fret_006.tif,823,687,29,824,682,27,2404,1525,6107,1
77,6,12,2,/Volumes/projects/FRET-FISH/iAM634/a488_006.tif,/Volumes/projects/FRET-FISH/iAM634/a594_006.tif,/Volumes/projects/FRET-FISH/iAM634/a488fret_006.tif,836,709,16,841,710,14,2431,1548,5815,2
79,6,14,2,/Volumes/projects/FRET-FISH/iAM634/a488_006.tif,/Volumes/projects/FRET-FISH/iAM634/a594_006.tif,/Volumes/projects/FRET-FISH/iAM634/a488fret_006.tif,648,932,14,647,932,16,3769,5450,19419,1
79,6,14,2,/Volumes/projects/FRET-FISH/iAM634/a488_006.tif,/Volumes/projects/FRET-FISH/iAM634/a594_006.tif,/Volumes/projects/FRET-FISH/iAM634/a488fret_006.tif,656,921,23,656,926,25,2548,1875,6078,2
81,7,2,2,/Volumes/projects/FRET-FISH/iAM634/a488_007.tif,/Volumes/projects/FRET-FISH/iAM634/a594_007.tif,/Volumes/projects/FRET-FISH/iAM634/a488fret_007.tif,186,165,18,182,164,19,3460,3843,11922,1
81,7,2,2,/Volumes/projects/FRET-FISH/iAM634/a488_007.tif,/Volumes/projects/FRET-FISH/iAM634/a594_007.tif,/Volumes/projects/FRET-FISH/iAM634/a488fret_007.tif,204,160,24,210,163,24,2265,1577,4884,2
97,8,2,2,/Volumes/projects/FRET-FISH/iAM634/a488_008.tif,/Volumes/projects/FRET-FISH/iAM634/a594_008.tif,/Volumes/projects/FRET-FISH/iAM634/a488fret_008.tif,695,92,22,690,88,21,2145,1298,4436,1
97,8,2,2,/Volumes/projects/FRET-FISH/iAM634/a488_008.tif,/Volumes/projects/FRET-FISH/iAM634/a594_008.tif,/Volumes/projects/FRET-FISH/iAM634/a488fret_008.tif,668,92,22,669,87,24,1931,1328,5471,2
98,8,3,2,/Volumes/projects/FRET-FISH/iAM634/a488_008.tif,/Volumes/projects/FRET-FISH/iAM634/a594_008.tif,/Volumes/projects/FRET-FISH/iAM634/a488fret_008.tif,71,178,13,72,172,14,2879,1647,6092,1
98,8,3,2,/Volumes/projects/FRET-FISH/iAM634/a488_008.tif,/Volumes/projects/FRET-FISH/iAM634/a594_008.tif,/Volumes/projects/FRET-FISH/iAM634/a488fret_008.tif,124,152,21,123,152,24,2551,2345,5005,2
102,8,7,2,/Volumes/projects/FRET-FISH/iAM634/a488_008.tif,/Volumes/projects/FRET-FISH/iAM634/a594_008.tif,/Volumes/projects/FRET-FISH/iAM634/a488fret_008.tif,93,538,25,97,533,24,2927,2306,7793,1
102,8,7,2,/Volumes/projects/FRET-FISH/iAM634/a488_008.tif,/Volumes/projects/FRET-FISH/iAM634/a594_008.tif,/Volumes/projects/FRET-FISH/iAM634/a488fret_008.tif,139,486,17,138,486,20,2828,1793,5253,2
103,8,8,2,/Volumes/projects/FRET-FISH/iAM634/a488_008.tif,/Volumes/projects/FRET-FISH/iAM634/a594_008.tif,/Volumes/projects/FRET-FISH/iAM634/a488fret_008.tif,719,585,25,722,583,23,2886,1668,16275,1
103,8,8,2,/Volumes/projects/FRET-FISH/iAM634/a488_008.tif,/Volumes/projects/FRET-FISH/iAM634/a594_008.tif,/Volumes/projects/FRET-FISH/iAM634/a488fret_008.tif,669,508,24,665,508,22,2865,2078,14052,2
109,8,14,2,/Volumes/projects/FRET-FISH/iAM634/a488_008.tif,/Volumes/projects/FRET-FISH/iAM634/a594_008.tif,/Volumes/projects/FRET-FISH/iAM634/a488fret_008.tif,884,948,17,878,948,16,2034,1499,10267,1
109,8,14,2,/Volumes/projects/FRET-FISH/iAM634/a488_008.tif,/Volumes/projects/FRET-FISH/iAM634/a594_008.tif,/Volumes/projects/FRET-FISH/iAM634/a488fret_008.tif,894,921,17,897,915,17,2035,1322,5345,2
110,8,15,2,/Volumes/projects/FRET-FISH/iAM634/a488_008.tif,/Volumes/projects/FRET-FISH/iAM634/a594_008.tif,/Volumes/projects/FRET-FISH/iAM634/a488fret_008.tif,652,945,23,653,945,21,2522,1735,18669,1
110,8,15,2,/Volumes/projects/FRET-FISH/iAM634/a488_008.tif,/Volumes/projects/FRET-FISH/iAM634/a594_008.tif,/Volumes/projects/FRET-FISH/iAM634/a488fret_008.tif,736,979,21,734,983,19,2318,1507,9759,2
120,9,10,2,/Volumes/projects/FRET-FISH/iAM634/a488_009.tif,/Volumes/projects/FRET-FISH/iAM634/a594_009.tif,/Volumes/projects/FRET-FISH/iAM634/a488fret_009.tif,288,601,21,294,602,22,2497,1577,5759,1
120,9,10,2,/Volumes/projects/FRET-FISH/iAM634/a488_009.tif,/Volumes/projects/FRET-FISH/iAM634/a594_009.tif,/Volumes/projects/FRET-FISH/iAM634/a488fret_009.tif,289,569,27,282,569,27,2628,1692,5764,2
121,9,11,2,/Volumes/projects/FRET-FISH/iAM634/a488_009.tif,/Volumes/projects/FRET-FISH/iAM634/a594_009.tif,/Volumes/projects/FRET-FISH/iAM634/a488fret_009.tif,801,720,20,798,723,18,1988,1342,8703,1
121,9,11,2,/Volumes/projects/FRET-FISH/iAM634/a488_009.tif,/Volumes/projects/FRET-FISH/iAM634/a594_009.tif,/Volumes/projects/FRET-FISH/iAM634/a488fret_009.tif,815,628,11,815,628,14,2037,1334,5002,2
128,10,2,2,/Volumes/projects/FRET-FISH/iAM634/a488_010.tif,/Volumes/projects/FRET-FISH/iAM634/a594_010.tif,/Volumes/projects/FRET-FISH/iAM634/a488fret_010.tif,929,304,17,926,307,15,2700,3240,4950,1
128,10,2,2,/Volumes/projects/FRET-FISH/iAM634/a488_010.tif,/Volumes/projects/FRET-FISH/iAM634/a594_010.tif,/Volumes/projects/FRET-FISH/iAM634/a488fret_010.tif,955,323,22,951,320,20,3409,1352,5511,2
135,10,9,2,/Volumes/projects/FRET-FISH/iAM634/a488_010.tif,/Volumes/projects/FRET-FISH/iAM634/a594_010.tif,/Volumes/projects/FRET-FISH/iAM634/a488fret_010.tif,467,944,25,462,944,24,2523,1707,8205,1
135,10,9,2,/Volumes/projects/FRET-FISH/iAM634/a488_010.tif,/Volumes/projects/FRET-FISH/iAM634/a594_010.tif,/Volumes/projects/FRET-FISH/iAM634/a488fret_010.tif,474,924,22,471,927,20,2218,1632,6936,2
137,11,2,2,/Volumes/projects/FRET-FISH/iAM634/a488_011.tif,/Volumes/projects/FRET-FISH/iAM634/a594_011.tif,/Volumes/projects/FRET-FISH/iAM634/a488fret_011.tif,87,204,24,86,202,22,2144,2336,6756,1
137,11,2,2,/Volumes/projects/FRET-FISH/iAM634/a488_011.tif,/Volumes/projects/FRET-FISH/iAM634/a594_011.tif,/Volumes/projects/FRET-FISH/iAM634/a488fret_011.tif,123,189,21,118,193,22,2335,1515,4291,2
138,11,3,2,/Volumes/projects/FRET-FISH/iAM634/a488_011.tif,/Volumes/projects/FRET-FISH/iAM634/a594_011.tif,/Volumes/projects/FRET-FISH/iAM634/a488fret_011.tif,906,175,25,903,170,24,1905,2005,6750,1
138,11,3,2,/Volumes/projects/FRET-FISH/iAM634/a488_011.tif,/Volumes/projects/FRET-FISH/iAM634/a594_011.tif,/Volumes/projects/FRET-FISH/iAM634/a488fret_011.tif,890,221,27,886,224,25,1824,1182,3913,2
140,11,5,2,/Volumes/projects/FRET-FISH/iAM634/a488_011.tif,/Volumes/projects/FRET-FISH/iAM634/a594_011.tif,/Volumes/projects/FRET-FISH/iAM634/a488fret_011.tif,506,333,25,502,335,23,2394,1704,9342,1
140,11,5,2,/Volumes/projects/FRET-FISH/iAM634/a488_011.tif,/Volumes/projects/FRET-FISH/iAM634/a594_011.tif,/Volumes/projects/FRET-FISH/iAM634/a488fret_011.tif,480,354,21,487,354,21,2388,1600,5328,2
142,11,7,2,/Volumes/projects/FRET-FISH/iAM634/a488_011.tif,/Volumes/projects/FRET-FISH/iAM634/a594_011.tif,/Volumes/projects/FRET-FISH/iAM634/a488fret_011.tif,684,437,22,689,441,23,2083,1470,6774,1
142,11,7,2,/Volumes/projects/FRET-FISH/iAM634/a488_011.tif,/Volumes/projects/FRET-FISH/iAM634/a594_011.tif,/Volumes/projects/FRET-FISH/iAM634/a488fret_011.tif,703,473,20,708,472,18,2360,1571,5835,2
148,11,13,2,/Volumes/projects/FRET-FISH/iAM634/a488_011.tif,/Volumes/projects/FRET-FISH/iAM634/a594_011.tif,/Volumes/projects/FRET-FISH/iAM634/a488fret_011.tif,359,887,18,356,882,17,2148,1419,7480,1
148,11,13,2,/Volumes/projects/FRET-FISH/iAM634/a488_011.tif,/Volumes/projects/FRET-FISH/iAM634/a594_011.tif,/Volumes/projects/FRET-FISH/iAM634/a488fret_011.tif,371,868,22,367,865,20,2379,1727,14390,2
149,11,14,2,/Volumes/projects/FRET-FISH/iAM634/a488_011.tif,/Volumes/projects/FRET-FISH/iAM634/a594_011.tif,/Volumes/projects/FRET-FISH/iAM634/a488fret_011.tif,488,948,31,483,949,29,2336,1841,8409,1
149,11,14,2,/Volumes/projects/FRET-FISH/iAM634/a488_011.tif,/Volumes/projects/FRET-FISH/iAM634/a594_011.tif,/Volumes/projects/FRET-FISH/iAM634/a488fret_011.tif,485,939,17,484,944,19,2690,1739,6191,2
151,12,2,2,/Volumes/projects/FRET-FISH/iAM634/a488_012.tif,/Volumes/projects/FRET-FISH/iAM634/a594_012.tif,/Volumes/projects/FRET-FISH/iAM634/a488fret_012.tif,116,214,18,117,210,20,2235,1852,14169,1
151,12,2,2,/Volumes/projects/FRET-FISH/iAM634/a488_012.tif,/Volumes/projects/FRET-FISH/iAM634/a594_012.tif,/Volumes/projects/FRET-FISH/iAM634/a488fret_012.tif,145,194,26,144,194,29,3283,4140,6589,2
152,12,3,2,/Volumes/projects/FRET-FISH/iAM634/a488_012.tif,/Volumes/projects/FRET-FISH/iAM634/a594_012.tif,/Volumes/projects/FRET-FISH/iAM634/a488fret_012.tif,829,395,21,825,398,19,2341,1578,14902,1
152,12,3,2,/Volumes/projects/FRET-FISH/iAM634/a488_012.tif,/Volumes/projects/FRET-FISH/iAM634/a594_012.tif,/Volumes/projects/FRET-FISH/iAM634/a488fret_012.tif,761,434,16,756,435,18,2133,1608,5537,2
154,12,5,2,/Volumes/projects/FRET-FISH/iAM634/a488_012.tif,/Volumes/projects/FRET-FISH/iAM634/a594_012.tif,/Volumes/projects/FRET-FISH/iAM634/a488fret_012.tif,508,439,23,505,444,23,2536,3081,8514,1
154,12,5,2,/Volumes/projects/FRET-FISH/iAM634/a488_012.tif,/Volumes/projects/FRET-FISH/iAM634/a594_012.tif,/Volumes/projects/FRET-FISH/iAM634/a488fret_012.tif,533,460,17,530,456,19,2283,1506,5654,2
155,12,6,2,/Volumes/projects/FRET-FISH/iAM634/a488_012.tif,/Volumes/projects/FRET-FISH/iAM634/a594_012.tif,/Volumes/projects/FRET-FISH/iAM634/a488fret_012.tif,605,493,22,600,493,20,2729,1473,5439,1
155,12,6,2,/Volumes/projects/FRET-FISH/iAM634/a488_012.tif,/Volumes/projects/FRET-FISH/iAM634/a594_012.tif,/Volumes/projects/FRET-FISH/iAM634/a488fret_012.tif,585,477,25,590,478,27,2512,1842,5124,2
156,12,7,2,/Volumes/projects/FRET-FISH/iAM634/a488_012.tif,/Volumes/projects/FRET-FISH/iAM634/a594_012.tif,/Volumes/projects/FRET-FISH/iAM634/a488fret_012.tif,775,579,15,772,585,15,2253,1805,6394,1
156,12,7,2,/Volumes/projects/FRET-FISH/iAM634/a488_012.tif,/Volumes/projects/FRET-FISH/iAM634/a594_012.tif,/Volumes/projects/FRET-FISH/iAM634/a488fret_012.tif,800,602,21,795,606,22,2380,1564,5778,2
157,12,8,2,/Volumes/projects/FRET-FISH/iAM634/a488_012.tif,/Volumes/projects/FRET-FISH/iAM634/a594_012.tif,/Volumes/projects/FRET-FISH/iAM634/a488fret_012.tif,173,655,17,170,659,15,2471,1947,18720,1
157,12,8,2,/Volumes/projects/FRET-FISH/iAM634/a488_012.tif,/Volumes/projects/FRET-FISH/iAM634/a594_012.tif,/Volumes/projects/FRET-FISH/iAM634/a488fret_012.tif,190,575,15,195,576,13,2405,1596,4887,2
161,12,12,2,/Volumes/projects/FRET-FISH/iAM634/a488_012.tif,/Volumes/projects/FRET-FISH/iAM634/a594_012.tif,/Volumes/projects/FRET-FISH/iAM634/a488fret_012.tif,259,995,18,254,994,16,2263,1701,8042,1
161,12,12,2,/Volumes/projects/FRET-FISH/iAM634/a488_012.tif,/Volumes/projects/FRET-FISH/iAM634/a594_012.tif,/Volumes/projects/FRET-FISH/iAM634/a488fret_012.tif,262,912,17,262,919,17,2640,1735,4834,2
162,13,1,2,/Volumes/projects/FRET-FISH/iAM634/a488_013.tif,/Volumes/projects/FRET-FISH/iAM634/a594_013.tif,/Volumes/projects/FRET-FISH/iAM634/a488fret_013.tif,929,95,29,926,92,27,1891,1305,5707,1
162,13,1,2,/Volumes/projects/FRET-FISH/iAM634/a488_013.tif,/Volumes/projects/FRET-FISH/iAM634/a594_013.tif,/Volumes/projects/FRET-FISH/iAM634/a488fret_013.tif,1016,19,18,1009,19,18,2000,1357,4394,2
163,13,2,2,/Volumes/projects/FRET-FISH/iAM634/a488_013.tif,/Volumes/projects/FRET-FISH/iAM634/a594_013.tif,/Volumes/projects/FRET-FISH/iAM634/a488fret_013.tif,482,122,21,487,123,19,2343,1395,4750,1
163,13,2,2,/Volumes/projects/FRET-FISH/iAM634/a488_013.tif,/Volumes/projects/FRET-FISH/iAM634/a594_013.tif,/Volumes/projects/FRET-FISH/iAM634/a488fret_013.tif,496,93,24,495,93,21,1987,1508,4613,2
169,13,8,2,/Volumes/projects/FRET-FISH/iAM634/a488_013.tif,/Volumes/projects/FRET-FISH/iAM634/a594_013.tif,/Volumes/projects/FRET-FISH/iAM634/a488fret_013.tif,426,768,21,431,767,19,2324,1645,5173,1
169,13,8,2,/Volumes/projects/FRET-FISH/iAM634/a488_013.tif,/Volumes/projects/FRET-FISH/iAM634/a594_013.tif,/Volumes/projects/FRET-FISH/iAM634/a488fret_013.tif,422,745,25,417,744,23,2270,1544,4960,2
171,14,1,2,/Volumes/projects/FRET-FISH/iAM634/a488_014.tif,/Volumes/projects/FRET-FISH/iAM634/a594_014.tif,/Volumes/projects/FRET-FISH/iAM634/a488fret_014.tif,104,45,20,106,44,18,2034,1440,8320,1
171,14,1,2,/Volumes/projects/FRET-FISH/iAM634/a488_014.tif,/Volumes/projects/FRET-FISH/iAM634/a594_014.tif,/Volumes/projects/FRET-FISH/iAM634/a488fret_014.tif,157,74,20,152,73,18,2073,1608,4242,2
172,14,2,2,/Volumes/projects/FRET-FISH/iAM634/a488_014.tif,/Volumes/projects/FRET-FISH/iAM634/a594_014.tif,/Volumes/projects/FRET-FISH/iAM634/a488fret_014.tif,601,129,24,605,130,26,1851,1301,10989,1
172,14,2,2,/Volumes/projects/FRET-FISH/iAM634/a488_014.tif,/Volumes/projects/FRET-FISH/iAM634/a594_014.tif,/Volumes/projects/FRET-FISH/iAM634/a488fret_014.tif,630,169,22,631,174,24,2256,1370,4658,2
173,14,3,2,/Volumes/projects/FRET-FISH/iAM634/a488_014.tif,/Volumes/projects/FRET-FISH/iAM634/a594_014.tif,/Volumes/projects/FRET-FISH/iAM634/a488fret_014.tif,507,190,24,504,186,22,2621,1454,6813,1
173,14,3,2,/Volumes/projects/FRET-FISH/iAM634/a488_014.tif,/Volumes/projects/FRET-FISH/iAM634/a594_014.tif,/Volumes/projects/FRET-FISH/iAM634/a488fret_014.tif,503,190,15,502,195,13,2508,1518,4949,2
175,14,5,2,/Volumes/projects/FRET-FISH/iAM634/a488_014.tif,/Volumes/projects/FRET-FISH/iAM634/a594_014.tif,/Volumes/projects/FRET-FISH/iAM634/a488fret_014.tif,129,284,24,132,280,26,2397,1832,10399,1
175,14,5,2,/Volumes/projects/FRET-FISH/iAM634/a488_014.tif,/Volumes/projects/FRET-FISH/iAM634/a594_014.tif,/Volumes/projects/FRET-FISH/iAM634/a488fret_014.tif,108,272,20,104,275,18,2259,1854,5807,2
176,14,6,2,/Volumes/projects/FRET-FISH/iAM634/a488_014.tif,/Volumes/projects/FRET-FISH/iAM634/a594_014.tif,/Volumes/projects/FRET-FISH/iAM634/a488fret_014.tif,908,312,25,904,315,23,2365,1482,11833,1
176,14,6,2,/Volumes/projects/FRET-FISH/iAM634/a488_014.tif,/Volumes/projects/FRET-FISH/iAM634/a594_014.tif,/Volumes/projects/FRET-FISH/iAM634/a488fret_014.tif,917,294,27,917,294,24,2184,1468,5451,2
177,14,7,2,/Volumes/projects/FRET-FISH/iAM634/a488_014.tif,/Volumes/projects/FRET-FISH/iAM634/a594_014.tif,/Volumes/projects/FRET-FISH/iAM634/a488fret_014.tif,252,348,18,253,353,20,3489,4358,5116,1
177,14,7,2,/Volumes/projects/FRET-FISH/iAM634/a488_014.tif,/Volumes/projects/FRET-FISH/iAM634/a594_014.tif,/Volumes/projects/FRET-FISH/iAM634/a488fret_014.tif,283,359,26,284,359,23,2418,1750,9066,2
181,14,11,2,/Volumes/projects/FRET-FISH/iAM634/a488_014.tif,/Volumes/projects/FRET-FISH/iAM634/a594_014.tif,/Volumes/projects/FRET-FISH/iAM634/a488fret_014.tif,425,599,21,420,600,19,2560,1540,6861,1
181,14,11,2,/Volumes/projects/FRET-FISH/iAM634/a488_014.tif,/Volumes/projects/FRET-FISH/iAM634/a594_014.tif,/Volumes/projects/FRET-FISH/iAM634/a488fret_014.tif,448,581,15,453,580,17,2227,1458,5216,2
184,14,14,2,/Volumes/projects/FRET-FISH/iAM634/a488_014.tif,/Volumes/projects/FRET-FISH/iAM634/a594_014.tif,/Volumes/projects/FRET-FISH/iAM634/a488fret_014.tif,231,805,16,226,807,15,2466,1776,10843,1
184,14,14,2,/Volumes/projects/FRET-FISH/iAM634/a488_014.tif,/Volumes/projects/FRET-FISH/iAM634/a594_014.tif,/Volumes/projects/FRET-FISH/iAM634/a488fret_014.tif,188,831,18,182,834,18,2295,1483,4578,2
186,15,1,2,/Volumes/projects/FRET-FISH/iAM634/a488_015.tif,/Volumes/projects/FRET-FISH/iAM634/a594_015.tif,/Volumes/projects/FRET-FISH/iAM634/a488fret_015.tif,311,100,30,308,102,28,2180,1786,11282,1
186,15,1,2,/Volumes/projects/FRET-FISH/iAM634/a488_015.tif,/Volumes/projects/FRET-FISH/iAM634/a594_015.tif,/Volumes/projects/FRET-FISH/iAM634/a488fret_015.tif,322,137,24,326,142,25,2469,1508,5332,2
187,15,2,2,/Volumes/projects/FRET-FISH/iAM634/a488_015.tif,/Volumes/projects/FRET-FISH/iAM634/a594_015.tif,/Volumes/projects/FRET-FISH/iAM634/a488fret_015.tif,774,102,29,772,98,27,2387,1949,12092,1
187,15,2,2,/Volumes/projects/FRET-FISH/iAM634/a488_015.tif,/Volumes/projects/FRET-FISH/iAM634/a594_015.tif,/Volumes/projects/FRET-FISH/iAM634/a488fret_015.tif,760,141,22,762,135,21,2791,1591,6453,2
189,15,4,2,/Volumes/projects/FRET-FISH/iAM634/a488_015.tif,/Volumes/projects/FRET-FISH/iAM634/a594_015.tif,/Volumes/projects/FRET-FISH/iAM634/a488fret_015.tif,37,342,28,33,341,29,3255,3104,9739,1
189,15,4,2,/Volumes/projects/FRET-FISH/iAM634/a488_015.tif,/Volumes/projects/FRET-FISH/iAM634/a594_015.tif,/Volumes/projects/FRET-FISH/iAM634/a488fret_015.tif,100,332,21,94,334,20,2207,1528,5324,2
190,15,5,2,/Volumes/projects/FRET-FISH/iAM634/a488_015.tif,/Volumes/projects/FRET-FISH/iAM634/a594_015.tif,/Volumes/projects/FRET-FISH/iAM634/a488fret_015.tif,599,332,23,601,336,25,2103,1243,4948,1
190,15,5,2,/Volumes/projects/FRET-FISH/iAM634/a488_015.tif,/Volumes/projects/FRET-FISH/iAM634/a594_015.tif,/Volumes/projects/FRET-FISH/iAM634/a488fret_015.tif,582,333,16,578,338,17,2094,1304,7194,2
192,15,7,2,/Volumes/projects/FRET-FISH/iAM634/a488_015.tif,/Volumes/projects/FRET-FISH/iAM634/a594_015.tif,/Volumes/projects/FRET-FISH/iAM634/a488fret_015.tif,405,479,24,403,476,22,2593,1490,10087,1
192,15,7,2,/Volumes/projects/FRET-FISH/iAM634/a488_015.tif,/Volumes/projects/FRET-FISH/iAM634/a594_015.tif,/Volumes/projects/FRET-FISH/iAM634/a488fret_015.tif,413,519,23,412,524,21,2273,1435,5321,2
194,15,9,2,/Volumes/projects/FRET-FISH/iAM634/a488_015.tif,/Volumes/projects/FRET-FISH/iAM634/a594_015.tif,/Volumes/projects/FRET-FISH/iAM634/a488fret_015.tif,905,554,24,900,554,23,2329,2075,7218,1
194,15,9,2,/Volumes/projects/FRET-FISH/iAM634/a488_015.tif,/Volumes/projects/FRET-FISH/iAM634/a594_015.tif,/Volumes/projects/FRET-FISH/iAM634/a488fret_015.tif,904,532,20,897,532,20,2075,1267,5050,2
196,15,11,2,/Volumes/projects/FRET-FISH/iAM634/a488_015.tif,/Volumes/projects/FRET-FISH/iAM634/a594_015.tif,/Volumes/projects/FRET-FISH/iAM634/a488fret_015.tif,573,648,15,573,648,18,2856,1396,9194,1
196,15,11,2,/Volumes/projects/FRET-FISH/iAM634/a488_015.tif,/Volumes/projects/FRET-FISH/iAM634/a594_015.tif,/Volumes/projects/FRET-FISH/iAM634/a488fret_015.tif,563,595,21,563,595,24,2748,1413,5092,2
201,16,2,2,/Volumes/projects/FRET-FISH/iAM634/a488_016.tif,/Volumes/projects/FRET-FISH/iAM634/a594_016.tif,/Volumes/projects/FRET-FISH/iAM634/a488fret_016.tif,845,195,16,851,197,17,1963,1477,5845,1
201,16,2,2,/Volumes/projects/FRET-FISH/iAM634/a488_016.tif,/Volumes/projects/FRET-FISH/iAM634/a594_016.tif,/Volumes/projects/FRET-FISH/iAM634/a488fret_016.tif,863,190,25,858,194,26,1879,1380,5322,2
202,16,3,2,/Volumes/projects/FRET-FISH/iAM634/a488_016.tif,/Volumes/projects/FRET-FISH/iAM634/a594_016.tif,/Volumes/projects/FRET-FISH/iAM634/a488fret_016.tif,221,198,13,225,201,15,2332,1495,4711,1
202,16,3,2,/Volumes/projects/FRET-FISH/iAM634/a488_016.tif,/Volumes/projects/FRET-FISH/iAM634/a594_016.tif,/Volumes/projects/FRET-FISH/iAM634/a488fret_016.tif,218,218,18,219,218,21,2319,1527,5012,2
205,16,6,2,/Volumes/projects/FRET-FISH/iAM634/a488_016.tif,/Volumes/projects/FRET-FISH/iAM634/a594_016.tif,/Volumes/projects/FRET-FISH/iAM634/a488fret_016.tif,251,434,16,246,438,17,1981,1358,4458,1
205,16,6,2,/Volumes/projects/FRET-FISH/iAM634/a488_016.tif,/Volumes/projects/FRET-FISH/iAM634/a594_016.tif,/Volumes/projects/FRET-FISH/iAM634/a488fret_016.tif,229,418,13,228,418,16,2008,1380,4146,2
207,16,8,2,/Volumes/projects/FRET-FISH/iAM634/a488_016.tif,/Volumes/projects/FRET-FISH/iAM634/a594_016.tif,/Volumes/projects/FRET-FISH/iAM634/a488fret_016.tif,709,515,15,703,513,16,2270,1631,5238,1
207,16,8,2,/Volumes/projects/FRET-FISH/iAM634/a488_016.tif,/Volumes/projects/FRET-FISH/iAM634/a594_016.tif,/Volumes/projects/FRET-FISH/iAM634/a488fret_016.tif,646,530,22,642,527,20,2560,1519,8891,2
208,16,9,2,/Volumes/projects/FRET-FISH/iAM634/a488_016.tif,/Volumes/projects/FRET-FISH/iAM634/a594_016.tif,/Volumes/projects/FRET-FISH/iAM634/a488fret_016.tif,669,598,15,669,604,16,2362,1422,12954,1
208,16,9,2,/Volumes/projects/FRET-FISH/iAM634/a488_016.tif,/Volumes/projects/FRET-FISH/iAM634/a594_016.tif,/Volumes/projects/FRET-FISH/iAM634/a488fret_016.tif,673,627,16,677,624,14,2419,1451,4994,2
213,16,14,2,/Volumes/projects/FRET-FISH/iAM634/a488_016.tif,/Volumes/projects/FRET-FISH/iAM634/a594_016.tif,/Volumes/projects/FRET-FISH/iAM634/a488fret_016.tif,365,873,20,362,876,22,2476,1916,6788,1
213,16,14,2,/Volumes/projects/FRET-FISH/iAM634/a488_016.tif,/Volumes/projects/FRET-FISH/iAM634/a594_016.tif,/Volumes/projects/FRET-FISH/iAM634/a488fret_016.tif,350,907,21,353,903,19,2262,1384,4806,2
216,17,3,2,/Volumes/projects/FRET-FISH/iAM634/a488_017.tif,/Volumes/projects/FRET-FISH/iAM634/a594_017.tif,/Volumes/projects/FRET-FISH/iAM634/a488fret_017.tif,777,197,26,776,192,24,2320,1609,11018,1
216,17,3,2,/Volumes/projects/FRET-FISH/iAM634/a488_017.tif,/Volumes/projects/FRET-FISH/iAM634/a594_017.tif,/Volumes/projects/FRET-FISH/iAM634/a488fret_017.tif,776,136,43,775,136,40,2489,1623,6723,2
220,17,7,2,/Volumes/projects/FRET-FISH/iAM634/a488_017.tif,/Volumes/projects/FRET-FISH/iAM634/a594_017.tif,/Volumes/projects/FRET-FISH/iAM634/a488fret_017.tif,295,410,13,291,410,14,2795,2321,7844,1
220,17,7,2,/Volumes/projects/FRET-FISH/iAM634/a488_017.tif,/Volumes/projects/FRET-FISH/iAM634/a594_017.tif,/Volumes/projects/FRET-FISH/iAM634/a488fret_017.tif,282,439,13,277,440,11,2583,1587,4515,2
221,17,8,2,/Volumes/projects/FRET-FISH/iAM634/a488_017.tif,/Volumes/projects/FRET-FISH/iAM634/a594_017.tif,/Volumes/projects/FRET-FISH/iAM634/a488fret_017.tif,458,421,20,455,425,18,2257,1526,12816,1
221,17,8,2,/Volumes/projects/FRET-FISH/iAM634/a488_017.tif,/Volumes/projects/FRET-FISH/iAM634/a594_017.tif,/Volumes/projects/FRET-FISH/iAM634/a488fret_017.tif,445,471,17,446,466,19,2424,1590,4610,2
222,17,9,2,/Volumes/projects/FRET-FISH/iAM634/a488_017.tif,/Volumes/projects/FRET-FISH/iAM634/a594_017.tif,/Volumes/projects/FRET-FISH/iAM634/a488fret_017.tif,589,528,13,590,525,11,2416,1662,9377,1
222,17,9,2,/Volumes/projects/FRET-FISH/iAM634/a488_017.tif,/Volumes/projects/FRET-FISH/iAM634/a594_017.tif,/Volumes/projects/FRET-FISH/iAM634/a488fret_017.tif,586,552,19,581,556,18,2254,1711,6677,2
224,17,11,2,/Volumes/projects/FRET-FISH/iAM634/a488_017.tif,/Volumes/projects/FRET-FISH/iAM634/a594_017.tif,/Volumes/projects/FRET-FISH/iAM634/a488fret_017.tif,836,590,17,836,594,15,2304,1533,9205,1
224,17,11,2,/Volumes/projects/FRET-FISH/iAM634/a488_017.tif,/Volumes/projects/FRET-FISH/iAM634/a594_017.tif,/Volumes/projects/FRET-FISH/iAM634/a488fret_017.tif,798,582,19,802,585,17,2113,1429,5737,2
225,17,12,2,/Volumes/projects/FRET-FISH/iAM634/a488_017.tif,/Volumes/projects/FRET-FISH/iAM634/a594_017.tif,/Volumes/projects/FRET-FISH/iAM634/a488fret_017.tif,933,635,20,935,636,18,2353,1323,8268,1
225,17,12,2,/Volumes/projects/FRET-FISH/iAM634/a488_017.tif,/Volumes/projects/FRET-FISH/iAM634/a594_017.tif,/Volumes/projects/FRET-FISH/iAM634/a488fret_017.tif,976,627,12,977,627,15,2215,1376,5172,2
226,17,13,2,/Volumes/projects/FRET-FISH/iAM634/a488_017.tif,/Volumes/projects/FRET-FISH/iAM634/a594_017.tif,/Volumes/projects/FRET-FISH/iAM634/a488fret_017.tif,544,646,23,549,650,22,2411,1488,5152,1
226,17,13,2,/Volumes/projects/FRET-FISH/iAM634/a488_017.tif,/Volumes/projects/FRET-FISH/iAM634/a594_017.tif,/Volumes/projects/FRET-FISH/iAM634/a488fret_017.tif,521,698,20,521,699,23,2158,1411,4691,2
229,17,16,2,/Volumes/projects/FRET-FISH/iAM634/a488_017.tif,/Volumes/projects/FRET-FISH/iAM634/a594_017.tif,/Volumes/projects/FRET-FISH/iAM634/a488fret_017.tif,310,800,20,306,803,22,1891,1297,4070,1
229,17,16,2,/Volumes/projects/FRET-FISH/iAM634/a488_017.tif,/Volumes/projects/FRET-FISH/iAM634/a594_017.tif,/Volumes/projects/FRET-FISH/iAM634/a488fret_017.tif,286,792,20,290,787,19,2222,1300,4068,2
230,18,1,2,/Volumes/projects/FRET-FISH/iAM634/a488_018.tif,/Volumes/projects/FRET-FISH/iAM634/a594_018.tif,/Volumes/projects/FRET-FISH/iAM634/a488fret_018.tif,1017,112,19,1018,109,17,2019,1599,13640,1
230,18,1,2,/Volumes/projects/FRET-FISH/iAM634/a488_018.tif,/Volumes/projects/FRET-FISH/iAM634/a594_018.tif,/Volumes/projects/FRET-FISH/iAM634/a488fret_018.tif,991,114,17,995,114,19,2084,1415,5946,2
233,18,4,2,/Volumes/projects/FRET-FISH/iAM634/a488_018.tif,/Volumes/projects/FRET-FISH/iAM634/a594_018.tif,/Volumes/projects/FRET-FISH/iAM634/a488fret_018.tif,936,250,13,935,245,11,2136,1327,9323,1
233,18,4,2,/Volumes/projects/FRET-FISH/iAM634/a488_018.tif,/Volumes/projects/FRET-FISH/iAM634/a594_018.tif,/Volumes/projects/FRET-FISH/iAM634/a488fret_018.tif,940,227,14,935,228,16,2097,1664,5043,2
236,18,7,2,/Volumes/projects/FRET-FISH/iAM634/a488_018.tif,/Volumes/projects/FRET-FISH/iAM634/a594_018.tif,/Volumes/projects/FRET-FISH/iAM634/a488fret_018.tif,397,555,17,393,556,15,2990,2056,7589,1
236,18,7,2,/Volumes/projects/FRET-FISH/iAM634/a488_018.tif,/Volumes/projects/FRET-FISH/iAM634/a594_018.tif,/Volumes/projects/FRET-FISH/iAM634/a488fret_018.tif,434,551,16,434,551,13,2295,1478,5098,2
237,18,8,2,/Volumes/projects/FRET-FISH/iAM634/a488_018.tif,/Volumes/projects/FRET-FISH/iAM634/a594_018.tif,/Volumes/projects/FRET-FISH/iAM634/a488fret_018.tif,768,591,18,769,589,16,2586,2196,10516,1
237,18,8,2,/Volumes/projects/FRET-FISH/iAM634/a488_018.tif,/Volumes/projects/FRET-FISH/iAM634/a594_018.tif,/Volumes/projects/FRET-FISH/iAM634/a488fret_018.tif,783,592,24,783,592,27,2190,1617,5668,2
239,18,10,2,/Volumes/projects/FRET-FISH/iAM634/a488_018.tif,/Volumes/projects/FRET-FISH/iAM634/a594_018.tif,/Volumes/projects/FRET-FISH/iAM634/a488fret_018.tif,258,655,22,253,655,20,2570,1481,7184,1
239,18,10,2,/Volumes/projects/FRET-FISH/iAM634/a488_018.tif,/Volumes/projects/FRET-FISH/iAM634/a594_018.tif,/Volumes/projects/FRET-FISH/iAM634/a488fret_018.tif,244,685,18,240,680,17,2052,1344,4082,2
243,19,1,2,/Volumes/projects/FRET-FISH/iAM634/a488_019.tif,/Volumes/projects/FRET-FISH/iAM634/a594_019.tif,/Volumes/projects/FRET-FISH/iAM634/a488fret_019.tif,696,243,23,702,245,22,1929,1385,5270,1
243,19,1,2,/Volumes/projects/FRET-FISH/iAM634/a488_019.tif,/Volumes/projects/FRET-FISH/iAM634/a594_019.tif,/Volumes/projects/FRET-FISH/iAM634/a488fret_019.tif,698,236,11,703,235,13,2173,1412,4690,2
247,19,5,2,/Volumes/projects/FRET-FISH/iAM634/a488_019.tif,/Volumes/projects/FRET-FISH/iAM634/a594_019.tif,/Volumes/projects/FRET-FISH/iAM634/a488fret_019.tif,228,394,19,223,392,18,2494,1455,6785,1
247,19,5,2,/Volumes/projects/FRET-FISH/iAM634/a488_019.tif,/Volumes/projects/FRET-FISH/iAM634/a594_019.tif,/Volumes/projects/FRET-FISH/iAM634/a488fret_019.tif,291,413,14,290,408,16,2190,1468,4701,2
248,19,6,2,/Volumes/projects/FRET-FISH/iAM634/a488_019.tif,/Volumes/projects/FRET-FISH/iAM634/a594_019.tif,/Volumes/projects/FRET-FISH/iAM634/a488fret_019.tif,81,449,25,85,448,23,2310,1470,8423,1
248,19,6,2,/Volumes/projects/FRET-FISH/iAM634/a488_019.tif,/Volumes/projects/FRET-FISH/iAM634/a594_019.tif,/Volumes/projects/FRET-FISH/iAM634/a488fret_019.tif,84,519,17,85,519,20,2264,1396,4299,2
255,19,13,2,/Volumes/projects/FRET-FISH/iAM634/a488_019.tif,/Volumes/projects/FRET-FISH/iAM634/a594_019.tif,/Volumes/projects/FRET-FISH/iAM634/a488fret_019.tif,700,954,14,699,959,16,2184,1405,5065,1
255,19,13,2,/Volumes/projects/FRET-FISH/iAM634/a488_019.tif,/Volumes/projects/FRET-FISH/iAM634/a594_019.tif,/Volumes/projects/FRET-FISH/iAM634/a488fret_019.tif,651,932,15,651,931,12,2532,1358,4983,2
258,20,3,2,/Volumes/projects/FRET-FISH/iAM634/a488_020.tif,/Volumes/projects/FRET-FISH/iAM634/a594_020.tif,/Volumes/projects/FRET-FISH/iAM634/a488fret_020.tif,697,350,32,693,348,30,2657,1531,10448,1
258,20,3,2,/Volumes/projects/FRET-FISH/iAM634/a488_020.tif,/Volumes/projects/FRET-FISH/iAM634/a594_020.tif,/Volumes/projects/FRET-FISH/iAM634/a488fret_020.tif,744,379,29,745,379,32,1955,1387,4967,2
265,20,10,2,/Volumes/projects/FRET-FISH/iAM634/a488_020.tif,/Volumes/projects/FRET-FISH/iAM634/a594_020.tif,/Volumes/projects/FRET-FISH/iAM634/a488fret_020.tif,643,908,18,639,913,18,2291,1352,4382,1
265,20,10,2,/Volumes/projects/FRET-FISH/iAM634/a488_020.tif,/Volumes/projects/FRET-FISH/iAM634/a594_020.tif,/Volumes/projects/FRET-FISH/iAM634/a488fret_020.tif,660,915,22,660,920,20,2337,1749,14813,2
266,20,11,2,/Volumes/projects/FRET-FISH/iAM634/a488_020.tif,/Volumes/projects/FRET-FISH/iAM634/a594_020.tif,/Volumes/projects/FRET-FISH/iAM634/a488fret_020.tif,426,889,11,421,890,13,2717,1916,4441,1
266,20,11,2,/Volumes/projects/FRET-FISH/iAM634/a488_020.tif,/Volumes/projects/FRET-FISH/iAM634/a594_020.tif,/Volumes/projects/FRET-FISH/iAM634/a488fret_020.tif,430,917,21,430,918,24,2132,1424,6687,2
267,20,12,2,/Volumes/projects/FRET-FISH/iAM634/a488_020.tif,/Volumes/projects/FRET-FISH/iAM634/a594_020.tif,/Volumes/projects/FRET-FISH/iAM634/a488fret_020.tif,360,927,15,359,931,13,2687,1775,14430,1
267,20,12,2,/Volumes/projects/FRET-FISH/iAM634/a488_020.tif,/Volumes/projects/FRET-FISH/iAM634/a594_020.tif,/Volumes/projects/FRET-FISH/iAM634/a488fret_020.tif,321,943,14,320,948,16,2537,1546,4681,2
269,21,2,2,/Volumes/projects/FRET-FISH/iAM634/a488_021.tif,/Volumes/projects/FRET-FISH/iAM634/a594_021.tif,/Volumes/projects/FRET-FISH/iAM634/a488fret_021.tif,884,127,22,890,125,22,2029,1334,9741,1
269,21,2,2,/Volumes/projects/FRET-FISH/iAM634/a488_021.tif,/Volumes/projects/FRET-FISH/iAM634/a594_021.tif,/Volumes/projects/FRET-FISH/iAM634/a488fret_021.tif,914,144,20,918,147,18,2178,1411,5470,2
273,21,6,2,/Volumes/projects/FRET-FISH/iAM634/a488_021.tif,/Volumes/projects/FRET-FISH/iAM634/a594_021.tif,/Volumes/projects/FRET-FISH/iAM634/a488fret_021.tif,497,333,18,497,328,20,2301,1365,6859,1
273,21,6,2,/Volumes/projects/FRET-FISH/iAM634/a488_021.tif,/Volumes/projects/FRET-FISH/iAM634/a594_021.tif,/Volumes/projects/FRET-FISH/iAM634/a488fret_021.tif,439,328,15,443,323,16,2235,1379,4546,2
278,21,11,2,/Volumes/projects/FRET-FISH/iAM634/a488_021.tif,/Volumes/projects/FRET-FISH/iAM634/a594_021.tif,/Volumes/projects/FRET-FISH/iAM634/a488fret_021.tif,586,615,18,581,616,16,2828,1488,11988,1
278,21,11,2,/Volumes/projects/FRET-FISH/iAM634/a488_021.tif,/Volumes/projects/FRET-FISH/iAM634/a594_021.tif,/Volumes/projects/FRET-FISH/iAM634/a488fret_021.tif,623,690,16,628,689,18,2677,1415,5130,2
281,21,14,2,/Volumes/projects/FRET-FISH/iAM634/a488_021.tif,/Volumes/projects/FRET-FISH/iAM634/a594_021.tif,/Volumes/projects/FRET-FISH/iAM634/a488fret_021.tif,491,784,30,485,781,30,2369,1523,5281,1
281,21,14,2,/Volumes/projects/FRET-FISH/iAM634/a488_021.tif,/Volumes/projects/FRET-FISH/iAM634/a594_021.tif,/Volumes/projects/FRET-FISH/iAM634/a488fret_021.tif,510,799,27,510,798,24,3268,3652,5500,2
282,21,15,2,/Volumes/projects/FRET-FISH/iAM634/a488_021.tif,/Volumes/projects/FRET-FISH/iAM634/a594_021.tif,/Volumes/projects/FRET-FISH/iAM634/a488fret_021.tif,735,823,20,737,819,22,2292,1415,4992,1
282,21,15,2,/Volumes/projects/FRET-FISH/iAM634/a488_021.tif,/Volumes/projects/FRET-FISH/iAM634/a594_021.tif,/Volumes/projects/FRET-FISH/iAM634/a488fret_021.tif,764,837,24,763,837,21,1940,1425,8528,2
283,21,16,2,/Volumes/projects/FRET-FISH/iAM634/a488_021.tif,/Volumes/projects/FRET-FISH/iAM634/a594_021.tif,/Volumes/projects/FRET-FISH/iAM634/a488fret_021.tif,873,844,19,869,847,17,2142,1463,14372,1
283,21,16,2,/Volumes/projects/FRET-FISH/iAM634/a488_021.tif,/Volumes/projects/FRET-FISH/iAM634/a594_021.tif,/Volumes/projects/FRET-FISH/iAM634/a488fret_021.tif,857,870,19,853,867,21,1977,1349,4899,2
284,21,17,2,/Volumes/projects/FRET-FISH/iAM634/a488_021.tif,/Volumes/projects/FRET-FISH/iAM634/a594_021.tif,/Volumes/projects/FRET-FISH/iAM634/a488fret_021.tif,239,969,25,240,974,23,2199,1515,4281,1
284,21,17,2,/Volumes/projects/FRET-FISH/iAM634/a488_021.tif,/Volumes/projects/FRET-FISH/iAM634/a594_021.tif,/Volumes/projects/FRET-FISH/iAM634/a488fret_021.tif,262,964,26,263,964,23,2419,1428,4554,2
285,22,1,2,/Volumes/projects/FRET-FISH/iAM634/a488_022.tif,/Volumes/projects/FRET-FISH/iAM634/a594_022.tif,/Volumes/projects/FRET-FISH/iAM634/a488fret_022.tif,269,93,11,265,95,13,2345,1527,4532,1
285,22,1,2,/Volumes/projects/FRET-FISH/iAM634/a488_022.tif,/Volumes/projects/FRET-FISH/iAM634/a594_022.tif,/Volumes/projects/FRET-FISH/iAM634/a488fret_022.tif,216,104,17,222,105,16,2434,1907,15706,2
291,22,7,2,/Volumes/projects/FRET-FISH/iAM634/a488_022.tif,/Volumes/projects/FRET-FISH/iAM634/a594_022.tif,/Volumes/projects/FRET-FISH/iAM634/a488fret_022.tif,213,456,25,214,459,23,2888,1494,13393,1
291,22,7,2,/Volumes/projects/FRET-FISH/iAM634/a488_022.tif,/Volumes/projects/FRET-FISH/iAM634/a594_022.tif,/Volumes/projects/FRET-FISH/iAM634/a488fret_022.tif,192,389,26,187,393,25,2556,1620,5204,2
296,22,12,2,/Volumes/projects/FRET-FISH/iAM634/a488_022.tif,/Volumes/projects/FRET-FISH/iAM634/a594_022.tif,/Volumes/projects/FRET-FISH/iAM634/a488fret_022.tif,203,750,17,198,748,17,3758,4658,11468,1
296,22,12,2,/Volumes/projects/FRET-FISH/iAM634/a488_022.tif,/Volumes/projects/FRET-FISH/iAM634/a594_022.tif,/Volumes/projects/FRET-FISH/iAM634/a488fret_022.tif,170,787,26,170,794,26,2688,1945,6145,2
297,22,13,2,/Volumes/projects/FRET-FISH/iAM634/a488_022.tif,/Volumes/projects/FRET-FISH/iAM634/a594_022.tif,/Volumes/projects/FRET-FISH/iAM634/a488fret_022.tif,924,885,18,928,880,19,2032,1589,5436,1
297,22,13,2,/Volumes/projects/FRET-FISH/iAM634/a488_022.tif,/Volumes/projects/FRET-FISH/iAM634/a594_022.tif,/Volumes/projects/FRET-FISH/iAM634/a488fret_022.tif,892,869,17,899,869,17,2037,1621,14243,2
300,23,2,2,/Volumes/projects/FRET-FISH/iAM634/a488_023.tif,/Volumes/projects/FRET-FISH/iAM634/a594_023.tif,/Volumes/projects/FRET-FISH/iAM634/a488fret_023.tif,71,115,18,76,116,20,2501,1728,4972,1
300,23,2,2,/Volumes/projects/FRET-FISH/iAM634/a488_023.tif,/Volumes/projects/FRET-FISH/iAM634/a594_023.tif,/Volumes/projects/FRET-FISH/iAM634/a488fret_023.tif,106,123,25,106,123,22,2326,1719,4836,2
301,23,3,2,/Volumes/projects/FRET-FISH/iAM634/a488_023.tif,/Volumes/projects/FRET-FISH/iAM634/a594_023.tif,/Volumes/projects/FRET-FISH/iAM634/a488fret_023.tif,219,248,20,217,252,18,2520,1533,12820,1
301,23,3,2,/Volumes/projects/FRET-FISH/iAM634/a488_023.tif,/Volumes/projects/FRET-FISH/iAM634/a594_023.tif,/Volumes/projects/FRET-FISH/iAM634/a488fret_023.tif,216,216,18,216,221,16,2176,1484,4255,2
302,23,4,2,/Volumes/projects/FRET-FISH/iAM634/a488_023.tif,/Volumes/projects/FRET-FISH/iAM634/a594_023.tif,/Volumes/projects/FRET-FISH/iAM634/a488fret_023.tif,825,219,21,820,220,19,2030,1454,9100,1
302,23,4,2,/Volumes/projects/FRET-FISH/iAM634/a488_023.tif,/Volumes/projects/FRET-FISH/iAM634/a594_023.tif,/Volumes/projects/FRET-FISH/iAM634/a488fret_023.tif,862,242,20,862,242,17,2118,1377,4808,2
303,23,5,2,/Volumes/projects/FRET-FISH/iAM634/a488_023.tif,/Volumes/projects/FRET-FISH/iAM634/a594_023.tif,/Volumes/projects/FRET-FISH/iAM634/a488fret_023.tif,422,298,19,420,299,21,3139,3808,8712,1
303,23,5,2,/Volumes/projects/FRET-FISH/iAM634/a488_023.tif,/Volumes/projects/FRET-FISH/iAM634/a594_023.tif,/Volumes/projects/FRET-FISH/iAM634/a488fret_023.tif,361,352,24,364,348,22,2456,1752,5307,2
305,23,7,2,/Volumes/projects/FRET-FISH/iAM634/a488_023.tif,/Volumes/projects/FRET-FISH/iAM634/a594_023.tif,/Volumes/projects/FRET-FISH/iAM634/a488fret_023.tif,548,442,19,543,441,17,2757,2297,15148,1
305,23,7,2,/Volumes/projects/FRET-FISH/iAM634/a488_023.tif,/Volumes/projects/FRET-FISH/iAM634/a594_023.tif,/Volumes/projects/FRET-FISH/iAM634/a488fret_023.tif,573,453,14,573,454,17,2290,1488,4951,2
306,23,8,2,/Volumes/projects/FRET-FISH/iAM634/a488_023.tif,/Volumes/projects/FRET-FISH/iAM634/a594_023.tif,/Volumes/projects/FRET-FISH/iAM634/a488fret_023.tif,610,619,23,604,618,22,2400,2029,13576,1
306,23,8,2,/Volumes/projects/FRET-FISH/iAM634/a488_023.tif,/Volumes/projects/FRET-FISH/iAM634/a594_023.tif,/Volumes/projects/FRET-FISH/iAM634/a488fret_023.tif,637,575,17,637,575,20,2082,1419,5209,2
312,23,14,2,/Volumes/projects/FRET-FISH/iAM634/a488_023.tif,/Volumes/projects/FRET-FISH/iAM634/a594_023.tif,/Volumes/projects/FRET-FISH/iAM634/a488fret_023.tif,653,923,18,647,926,18,2189,1444,8917,1
312,23,14,2,/Volumes/projects/FRET-FISH/iAM634/a488_023.tif,/Volumes/projects/FRET-FISH/iAM634/a594_023.tif,/Volumes/projects/FRET-FISH/iAM634/a488fret_023.tif,692,933,17,692,934,20,2275,1387,4941,2
321,24,9,2,/Volumes/projects/FRET-FISH/iAM634/a488_024.tif,/Volumes/projects/FRET-FISH/iAM634/a594_024.tif,/Volumes/projects/FRET-FISH/iAM634/a488fret_024.tif,431,657,14,435,655,12,2630,2285,12350,1
321,24,9,2,/Volumes/projects/FRET-FISH/iAM634/a488_024.tif,/Volumes/projects/FRET-FISH/iAM634/a594_024.tif,/Volumes/projects/FRET-FISH/iAM634/a488fret_024.tif,461,671,23,457,674,21,2332,1552,11903,2
322,24,10,2,/Volumes/projects/FRET-FISH/iAM634/a488_024.tif,/Volumes/projects/FRET-FISH/iAM634/a594_024.tif,/Volumes/projects/FRET-FISH/iAM634/a488fret_024.tif,370,669,15,369,664,17,2441,1635,4906,1
322,24,10,2,/Volumes/projects/FRET-FISH/iAM634/a488_024.tif,/Volumes/projects/FRET-FISH/iAM634/a594_024.tif,/Volumes/projects/FRET-FISH/iAM634/a488fret_024.tif,340,653,19,339,653,22,2063,1556,5012,2
326,24,14,2,/Volumes/projects/FRET-FISH/iAM634/a488_024.tif,/Volumes/projects/FRET-FISH/iAM634/a594_024.tif,/Volumes/projects/FRET-FISH/iAM634/a488fret_024.tif,889,830,14,883,830,13,2344,1433,20984,1
326,24,14,2,/Volumes/projects/FRET-FISH/iAM634/a488_024.tif,/Volumes/projects/FRET-FISH/iAM634/a594_024.tif,/Volumes/projects/FRET-FISH/iAM634/a488fret_024.tif,867,779,17,868,784,15,1934,1441,5154,2
327,24,15,2,/Volumes/projects/FRET-FISH/iAM634/a488_024.tif,/Volumes/projects/FRET-FISH/iAM634/a594_024.tif,/Volumes/projects/FRET-FISH/iAM634/a488fret_024.tif,54,857,30,50,857,32,10163,2150,8154,1
327,24,15,2,/Volumes/projects/FRET-FISH/iAM634/a488_024.tif,/Volumes/projects/FRET-FISH/iAM634/a594_024.tif,/Volumes/projects/FRET-FISH/iAM634/a488fret_024.tif,106,845,15,109,850,16,2454,1509,9014,2
330,25,2,2,/Volumes/projects/FRET-FISH/iAM634/a488_025.tif,/Volumes/projects/FRET-FISH/iAM634/a594_025.tif,/Volumes/projects/FRET-FISH/iAM634/a488fret_025.tif,20,146,26,15,144,25,2360,1706,6641,1
330,25,2,2,/Volumes/projects/FRET-FISH/iAM634/a488_025.tif,/Volumes/projects/FRET-FISH/iAM634/a594_025.tif,/Volumes/projects/FRET-FISH/iAM634/a488fret_025.tif,17,138,17,14,142,15,2488,1491,4794,2
331,25,3,2,/Volumes/projects/FRET-FISH/iAM634/a488_025.tif,/Volumes/projects/FRET-FISH/iAM634/a594_025.tif,/Volumes/projects/FRET-FISH/iAM634/a488fret_025.tif,445,178,19,447,173,18,2025,1547,12427,1
331,25,3,2,/Volumes/projects/FRET-FISH/iAM634/a488_025.tif,/Volumes/projects/FRET-FISH/iAM634/a594_025.tif,/Volumes/projects/FRET-FISH/iAM634/a488fret_025.tif,390,232,17,390,233,20,3588,5326,6264,2
332,25,4,2,/Volumes/projects/FRET-FISH/iAM634/a488_025.tif,/Volumes/projects/FRET-FISH/iAM634/a594_025.tif,/Volumes/projects/FRET-FISH/iAM634/a488fret_025.tif,771,269,23,768,265,21,2171,1503,10976,1
332,25,4,2,/Volumes/projects/FRET-FISH/iAM634/a488_025.tif,/Volumes/projects/FRET-FISH/iAM634/a594_025.tif,/Volumes/projects/FRET-FISH/iAM634/a488fret_025.tif,805,276,18,805,271,16,2224,1344,5310,2
336,25,8,2,/Volumes/projects/FRET-FISH/iAM634/a488_025.tif,/Volumes/projects/FRET-FISH/iAM634/a594_025.tif,/Volumes/projects/FRET-FISH/iAM634/a488fret_025.tif,228,634,22,223,634,20,2439,1679,5175,1
336,25,8,2,/Volumes/projects/FRET-FISH/iAM634/a488_025.tif,/Volumes/projects/FRET-FISH/iAM634/a594_025.tif,/Volumes/projects/FRET-FISH/iAM634/a488fret_025.tif,210,586,15,217,586,15,2445,1650,4926,2
338,25,10,2,/Volumes/projects/FRET-FISH/iAM634/a488_025.tif,/Volumes/projects/FRET-FISH/iAM634/a594_025.tif,/Volumes/projects/FRET-FISH/iAM634/a488fret_025.tif,861,719,16,857,716,14,2314,1452,15017,1
338,25,10,2,/Volumes/projects/FRET-FISH/iAM634/a488_025.tif,/Volumes/projects/FRET-FISH/iAM634/a594_025.tif,/Volumes/projects/FRET-FISH/iAM634/a488fret_025.tif,815,721,18,814,721,15,2168,1467,5609,2
341,26,1,2,/Volumes/projects/FRET-FISH/iAM634/a488_026.tif,/Volumes/projects/FRET-FISH/iAM634/a594_026.tif,/Volumes/projects/FRET-FISH/iAM634/a488fret_026.tif,63,147,28,59,148,26,2891,1787,9100,1
341,26,1,2,/Volumes/projects/FRET-FISH/iAM634/a488_026.tif,/Volumes/projects/FRET-FISH/iAM634/a594_026.tif,/Volumes/projects/FRET-FISH/iAM634/a488fret_026.tif,124,188,31,130,186,32,3399,1479,4896,2
342,26,2,2,/Volumes/projects/FRET-FISH/iAM634/a488_026.tif,/Volumes/projects/FRET-FISH/iAM634/a594_026.tif,/Volumes/projects/FRET-FISH/iAM634/a488fret_026.tif,890,204,16,885,200,17,2253,1347,4631,1
342,26,2,2,/Volumes/projects/FRET-FISH/iAM634/a488_026.tif,/Volumes/projects/FRET-FISH/iAM634/a594_026.tif,/Volumes/projects/FRET-FISH/iAM634/a488fret_026.tif,902,188,23,907,187,21,1951,1465,4843,2
350,26,10,2,/Volumes/projects/FRET-FISH/iAM634/a488_026.tif,/Volumes/projects/FRET-FISH/iAM634/a594_026.tif,/Volumes/projects/FRET-FISH/iAM634/a488fret_026.tif,341,648,15,340,645,17,2970,1801,9414,1
350,26,10,2,/Volumes/projects/FRET-FISH/iAM634/a488_026.tif,/Volumes/projects/FRET-FISH/iAM634/a594_026.tif,/Volumes/projects/FRET-FISH/iAM634/a488fret_026.tif,350,679,18,351,679,15,2891,1638,5609,2
353,26,13,2,/Volumes/projects/FRET-FISH/iAM634/a488_026.tif,/Volumes/projects/FRET-FISH/iAM634/a594_026.tif,/Volumes/projects/FRET-FISH/iAM634/a488fret_026.tif,404,801,23,404,800,20,2534,1722,10781,1
353,26,13,2,/Volumes/projects/FRET-FISH/iAM634/a488_026.tif,/Volumes/projects/FRET-FISH/iAM634/a594_026.tif,/Volumes/projects/FRET-FISH/iAM634/a488fret_026.tif,384,787,12,384,780,12,2602,1541,4678,2
354,26,14,2,/Volumes/projects/FRET-FISH/iAM634/a488_026.tif,/Volumes/projects/FRET-FISH/iAM634/a594_026.tif,/Volumes/projects/FRET-FISH/iAM634/a488fret_026.tif,177,813,17,175,817,15,3003,1937,16023,1
354,26,14,2,/Volumes/projects/FRET-FISH/iAM634/a488_026.tif,/Volumes/projects/FRET-FISH/iAM634/a594_026.tif,/Volumes/projects/FRET-FISH/iAM634/a488fret_026.tif,202,810,14,196,812,13,2484,1546,5151,2
355,26,15,2,/Volumes/projects/FRET-FISH/iAM634/a488_026.tif,/Volumes/projects/FRET-FISH/iAM634/a594_026.tif,/Volumes/projects/FRET-FISH/iAM634/a488fret_026.tif,255,902,25,255,902,23,3049,1944,12497,1
355,26,15,2,/Volumes/projects/FRET-FISH/iAM634/a488_026.tif,/Volumes/projects/FRET-FISH/iAM634/a594_026.tif,/Volumes/projects/FRET-FISH/iAM634/a488fret_026.tif,231,880,23,227,883,25,2437,1520,4637,2
356,26,16,2,/Volumes/projects/FRET-FISH/iAM634/a488_026.tif,/Volumes/projects/FRET-FISH/iAM634/a594_026.tif,/Volumes/projects/FRET-FISH/iAM634/a488fret_026.tif,812,941,21,813,936,19,1922,1319,4517,1
356,26,16,2,/Volumes/projects/FRET-FISH/iAM634/a488_026.tif,/Volumes/projects/FRET-FISH/iAM634/a594_026.tif,/Volumes/projects/FRET-FISH/iAM634/a488fret_026.tif,856,955,25,849,955,25,1942,1375,4995,2
357,27,1,2,/Volumes/projects/FRET-FISH/iAM634/a488_027.tif,/Volumes/projects/FRET-FISH/iAM634/a594_027.tif,/Volumes/projects/FRET-FISH/iAM634/a488fret_027.tif,435,257,19,432,256,19,2787,3533,10518,1
357,27,1,2,/Volumes/projects/FRET-FISH/iAM634/a488_027.tif,/Volumes/projects/FRET-FISH/iAM634/a594_027.tif,/Volumes/projects/FRET-FISH/iAM634/a488fret_027.tif,446,237,23,446,244,23,1867,1366,4158,2
358,27,2,2,/Volumes/projects/FRET-FISH/iAM634/a488_027.tif,/Volumes/projects/FRET-FISH/iAM634/a594_027.tif,/Volumes/projects/FRET-FISH/iAM634/a488fret_027.tif,345,344,14,351,345,13,2121,1484,4596,1
358,27,2,2,/Volumes/projects/FRET-FISH/iAM634/a488_027.tif,/Volumes/projects/FRET-FISH/iAM634/a594_027.tif,/Volumes/projects/FRET-FISH/iAM634/a488fret_027.tif,315,328,18,310,328,16,2283,1547,4832,2
360,27,4,2,/Volumes/projects/FRET-FISH/iAM634/a488_027.tif,/Volumes/projects/FRET-FISH/iAM634/a594_027.tif,/Volumes/projects/FRET-FISH/iAM634/a488fret_027.tif,387,428,10,391,425,12,2227,1447,9915,1
360,27,4,2,/Volumes/projects/FRET-FISH/iAM634/a488_027.tif,/Volumes/projects/FRET-FISH/iAM634/a594_027.tif,/Volumes/projects/FRET-FISH/iAM634/a488fret_027.tif,314,460,9,309,461,11,2382,1427,4567,2
361,27,5,2,/Volumes/projects/FRET-FISH/iAM634/a488_027.tif,/Volumes/projects/FRET-FISH/iAM634/a594_027.tif,/Volumes/projects/FRET-FISH/iAM634/a488fret_027.tif,112,448,25,110,450,23,2329,1559,7418,1
361,27,5,2,/Volumes/projects/FRET-FISH/iAM634/a488_027.tif,/Volumes/projects/FRET-FISH/iAM634/a594_027.tif,/Volumes/projects/FRET-FISH/iAM634/a488fret_027.tif,51,452,22,51,451,25,2394,1634,4659,2
362,27,6,2,/Volumes/projects/FRET-FISH/iAM634/a488_027.tif,/Volumes/projects/FRET-FISH/iAM634/a594_027.tif,/Volumes/projects/FRET-FISH/iAM634/a488fret_027.tif,254,542,17,251,545,15,2670,1921,16169,1
362,27,6,2,/Volumes/projects/FRET-FISH/iAM634/a488_027.tif,/Volumes/projects/FRET-FISH/iAM634/a594_027.tif,/Volumes/projects/FRET-FISH/iAM634/a488fret_027.tif,296,495,15,292,500,16,2679,1663,5680,2
363,27,7,2,/Volumes/projects/FRET-FISH/iAM634/a488_027.tif,/Volumes/projects/FRET-FISH/iAM634/a594_027.tif,/Volumes/projects/FRET-FISH/iAM634/a488fret_027.tif,698,493,16,698,497,14,2229,1550,9978,1
363,27,7,2,/Volumes/projects/FRET-FISH/iAM634/a488_027.tif,/Volumes/projects/FRET-FISH/iAM634/a594_027.tif,/Volumes/projects/FRET-FISH/iAM634/a488fret_027.tif,700,533,16,699,528,18,2418,1582,4886,2
364,27,8,2,/Volumes/projects/FRET-FISH/iAM634/a488_027.tif,/Volumes/projects/FRET-FISH/iAM634/a594_027.tif,/Volumes/projects/FRET-FISH/iAM634/a488fret_027.tif,36,522,23,31,523,25,2317,1649,4499,1
364,27,8,2,/Volumes/projects/FRET-FISH/iAM634/a488_027.tif,/Volumes/projects/FRET-FISH/iAM634/a594_027.tif,/Volumes/projects/FRET-FISH/iAM634/a488fret_027.tif,59,527,27,66,527,27,2425,1576,4634,2
365,27,9,2,/Volumes/projects/FRET-FISH/iAM634/a488_027.tif,/Volumes/projects/FRET-FISH/iAM634/a594_027.tif,/Volumes/projects/FRET-FISH/iAM634/a488fret_027.tif,476,589,24,480,591,26,2428,1495,5460,1
365,27,9,2,/Volumes/projects/FRET-FISH/iAM634/a488_027.tif,/Volumes/projects/FRET-FISH/iAM634/a594_027.tif,/Volumes/projects/FRET-FISH/iAM634/a488fret_027.tif,500,594,30,500,593,27,2577,1533,6111,2
368,27,12,2,/Volumes/projects/FRET-FISH/iAM634/a488_027.tif,/Volumes/projects/FRET-FISH/iAM634/a594_027.tif,/Volumes/projects/FRET-FISH/iAM634/a488fret_027.tif,389,711,28,385,714,26,2670,2021,9971,1
368,27,12,2,/Volumes/projects/FRET-FISH/iAM634/a488_027.tif,/Volumes/projects/FRET-FISH/iAM634/a594_027.tif,/Volumes/projects/FRET-FISH/iAM634/a488fret_027.tif,378,678,22,378,671,22,2441,1907,5598,2
372,27,16,2,/Volumes/projects/FRET-FISH/iAM634/a488_027.tif,/Volumes/projects/FRET-FISH/iAM634/a594_027.tif,/Volumes/projects/FRET-FISH/iAM634/a488fret_027.tif,969,1001,25,967,1005,23,2096,1331,9259,1
372,27,16,2,/Volumes/projects/FRET-FISH/iAM634/a488_027.tif,/Volumes/projects/FRET-FISH/iAM634/a594_027.tif,/Volumes/projects/FRET-FISH/iAM634/a488fret_027.tif,981,958,24,977,953,25,2161,1315,4389,2
373,27,17,2,/Volumes/projects/FRET-FISH/iAM634/a488_027.tif,/Volumes/projects/FRET-FISH/iAM634/a594_027.tif,/Volumes/projects/FRET-FISH/iAM634/a488fret_027.tif,731,933,26,731,937,24,2434,1721,13159,1
373,27,17,2,/Volumes/projects/FRET-FISH/iAM634/a488_027.tif,/Volumes/projects/FRET-FISH/iAM634/a594_027.tif,/Volumes/projects/FRET-FISH/iAM634/a488fret_027.tif,737,984,23,741,981,25,2565,1374,4736,2
383,28,10,2,/Volumes/projects/FRET-FISH/iAM634/a488_028.tif,/Volumes/projects/FRET-FISH/iAM634/a594_028.tif,/Volumes/projects/FRET-FISH/iAM634/a488fret_028.tif,841,665,16,845,668,18,2390,1480,5027,1
383,28,10,2,/Volumes/projects/FRET-FISH/iAM634/a488_028.tif,/Volumes/projects/FRET-FISH/iAM634/a594_028.tif,/Volumes/projects/FRET-FISH/iAM634/a488fret_028.tif,872,703,12,871,703,15,2203,1432,5092,2
385,28,12,2,/Volumes/projects/FRET-FISH/iAM634/a488_028.tif,/Volumes/projects/FRET-FISH/iAM634/a594_028.tif,/Volumes/projects/FRET-FISH/iAM634/a488fret_028.tif,970,790,19,969,784,18,2278,1795,10207,1
385,28,12,2,/Volumes/projects/FRET-FISH/iAM634/a488_028.tif,/Volumes/projects/FRET-FISH/iAM634/a594_028.tif,/Volumes/projects/FRET-FISH/iAM634/a488fret_028.tif,941,796,19,941,795,22,2442,1337,4668,2
387,28,14,2,/Volumes/projects/FRET-FISH/iAM634/a488_028.tif,/Volumes/projects/FRET-FISH/iAM634/a594_028.tif,/Volumes/projects/FRET-FISH/iAM634/a488fret_028.tif,858,829,16,857,835,15,2183,1510,6490,1
387,28,14,2,/Volumes/projects/FRET-FISH/iAM634/a488_028.tif,/Volumes/projects/FRET-FISH/iAM634/a594_028.tif,/Volumes/projects/FRET-FISH/iAM634/a488fret_028.tif,851,826,26,851,827,23,2285,1515,5214,2
388,29,1,2,/Volumes/projects/FRET-FISH/iAM634/a488_029.tif,/Volumes/projects/FRET-FISH/iAM634/a594_029.tif,/Volumes/projects/FRET-FISH/iAM634/a488fret_029.tif,11,145,29,10,150,31,2614,1930,3844,1
388,29,1,2,/Volumes/projects/FRET-FISH/iAM634/a488_029.tif,/Volumes/projects/FRET-FISH/iAM634/a594_029.tif,/Volumes/projects/FRET-FISH/iAM634/a488fret_029.tif,66,189,24,66,182,24,2126,1503,3735,2
389,29,2,2,/Volumes/projects/FRET-FISH/iAM634/a488_029.tif,/Volumes/projects/FRET-FISH/iAM634/a594_029.tif,/Volumes/projects/FRET-FISH/iAM634/a488fret_029.tif,257,203,13,261,206,15,2202,1679,4085,1
389,29,2,2,/Volumes/projects/FRET-FISH/iAM634/a488_029.tif,/Volumes/projects/FRET-FISH/iAM634/a594_029.tif,/Volumes/projects/FRET-FISH/iAM634/a488fret_029.tif,239,220,19,240,220,16,2202,1544,4202,2
391,29,4,2,/Volumes/projects/FRET-FISH/iAM634/a488_029.tif,/Volumes/projects/FRET-FISH/iAM634/a594_029.tif,/Volumes/projects/FRET-FISH/iAM634/a488fret_029.tif,604,247,23,606,251,23,2300,1619,10541,1
391,29,4,2,/Volumes/projects/FRET-FISH/iAM634/a488_029.tif,/Volumes/projects/FRET-FISH/iAM634/a594_029.tif,/Volumes/projects/FRET-FISH/iAM634/a488fret_029.tif,628,246,22,632,244,20,2106,1528,5204,2
392,29,5,2,/Volumes/projects/FRET-FISH/iAM634/a488_029.tif,/Volumes/projects/FRET-FISH/iAM634/a594_029.tif,/Volumes/projects/FRET-FISH/iAM634/a488fret_029.tif,378,276,21,382,278,19,2383,1624,9029,1
392,29,5,2,/Volumes/projects/FRET-FISH/iAM634/a488_029.tif,/Volumes/projects/FRET-FISH/iAM634/a594_029.tif,/Volumes/projects/FRET-FISH/iAM634/a488fret_029.tif,410,317,24,411,317,27,2345,1530,4249,2
393,29,6,2,/Volumes/projects/FRET-FISH/iAM634/a488_029.tif,/Volumes/projects/FRET-FISH/iAM634/a594_029.tif,/Volumes/projects/FRET-FISH/iAM634/a488fret_029.tif,276,309,26,270,311,27,2194,1710,4434,1
393,29,6,2,/Volumes/projects/FRET-FISH/iAM634/a488_029.tif,/Volumes/projects/FRET-FISH/iAM634/a594_029.tif,/Volumes/projects/FRET-FISH/iAM634/a488fret_029.tif,273,332,17,269,329,15,2513,1741,6045,2
396,29,9,2,/Volumes/projects/FRET-FISH/iAM634/a488_029.tif,/Volumes/projects/FRET-FISH/iAM634/a594_029.tif,/Volumes/projects/FRET-FISH/iAM634/a488fret_029.tif,144,488,27,140,490,25,2304,1760,8061,1
396,29,9,2,/Volumes/projects/FRET-FISH/iAM634/a488_029.tif,/Volumes/projects/FRET-FISH/iAM634/a594_029.tif,/Volumes/projects/FRET-FISH/iAM634/a488fret_029.tif,119,526,12,123,529,14,2358,1974,5228,2
398,29,11,2,/Volumes/projects/FRET-FISH/iAM634/a488_029.tif,/Volumes/projects/FRET-FISH/iAM634/a594_029.tif,/Volumes/projects/FRET-FISH/iAM634/a488fret_029.tif,403,562,23,399,564,21,2737,1878,7881,1
398,29,11,2,/Volumes/projects/FRET-FISH/iAM634/a488_029.tif,/Volumes/projects/FRET-FISH/iAM634/a594_029.tif,/Volumes/projects/FRET-FISH/iAM634/a488fret_029.tif,379,568,26,384,567,28,2612,1556,4266,2
400,29,13,2,/Volumes/projects/FRET-FISH/iAM634/a488_029.tif,/Volumes/projects/FRET-FISH/iAM634/a594_029.tif,/Volumes/projects/FRET-FISH/iAM634/a488fret_029.tif,403,761,17,400,765,15,2329,1714,11396,1
400,29,13,2,/Volumes/projects/FRET-FISH/iAM634/a488_029.tif,/Volumes/projects/FRET-FISH/iAM634/a594_029.tif,/Volumes/projects/FRET-FISH/iAM634/a488fret_029.tif,437,774,15,432,773,17,2310,1679,4556,2
401,29,14,2,/Volumes/projects/FRET-FISH/iAM634/a488_029.tif,/Volumes/projects/FRET-FISH/iAM634/a594_029.tif,/Volumes/projects/FRET-FISH/iAM634/a488fret_029.tif,330,870,13,335,866,13,2295,1409,5904,1
401,29,14,2,/Volumes/projects/FRET-FISH/iAM634/a488_029.tif,/Volumes/projects/FRET-FISH/iAM634/a594_029.tif,/Volumes/projects/FRET-FISH/iAM634/a488fret_029.tif,360,887,20,356,890,18,2165,1599,8143,2
402,29,15,2,/Volumes/projects/FRET-FISH/iAM634/a488_029.tif,/Volumes/projects/FRET-FISH/iAM634/a594_029.tif,/Volumes/projects/FRET-FISH/iAM634/a488fret_029.tif,672,901,21,674,901,19,2600,1945,13161,1
402,29,15,2,/Volumes/projects/FRET-FISH/iAM634/a488_029.tif,/Volumes/projects/FRET-FISH/iAM634/a594_029.tif,/Volumes/projects/FRET-FISH/iAM634/a488fret_029.tif,632,941,20,627,942,19,2546,1986,12459,2
409,30,7,2,/Volumes/projects/FRET-FISH/iAM634/a488_030.tif,/Volumes/projects/FRET-FISH/iAM634/a594_030.tif,/Volumes/projects/FRET-FISH/iAM634/a488fret_030.tif,814,468,17,814,466,15,2534,2092,18876,1
409,30,7,2,/Volumes/projects/FRET-FISH/iAM634/a488_030.tif,/Volumes/projects/FRET-FISH/iAM634/a594_030.tif,/Volumes/projects/FRET-FISH/iAM634/a488fret_030.tif,834,459,22,835,464,24,1999,1558,4833,2
412,30,10,2,/Volumes/projects/FRET-FISH/iAM634/a488_030.tif,/Volumes/projects/FRET-FISH/iAM634/a594_030.tif,/Volumes/projects/FRET-FISH/iAM634/a488fret_030.tif,416,723,26,410,721,27,2572,1607,4699,1
412,30,10,2,/Volumes/projects/FRET-FISH/iAM634/a488_030.tif,/Volumes/projects/FRET-FISH/iAM634/a594_030.tif,/Volumes/projects/FRET-FISH/iAM634/a488fret_030.tif,419,637,22,424,641,23,2622,1479,4915,2
415,30,13,2,/Volumes/projects/FRET-FISH/iAM634/a488_030.tif,/Volumes/projects/FRET-FISH/iAM634/a594_030.tif,/Volumes/projects/FRET-FISH/iAM634/a488fret_030.tif,235,918,20,231,920,21,3017,2824,7594,1
415,30,13,2,/Volumes/projects/FRET-FISH/iAM634/a488_030.tif,/Volumes/projects/FRET-FISH/iAM634/a594_030.tif,/Volumes/projects/FRET-FISH/iAM634/a488fret_030.tif,242,865,20,243,865,17,2601,1368,4268,2
424,31,9,2,/Volumes/projects/FRET-FISH/iAM634/a488_031.tif,/Volumes/projects/FRET-FISH/iAM634/a594_031.tif,/Volumes/projects/FRET-FISH/iAM634/a488fret_031.tif,82,722,22,80,725,20,2295,1819,11209,1
424,31,9,2,/Volumes/projects/FRET-FISH/iAM634/a488_031.tif,/Volumes/projects/FRET-FISH/iAM634/a594_031.tif,/Volumes/projects/FRET-FISH/iAM634/a488fret_031.tif,161,775,20,165,772,22,2561,2822,8496,2
425,31,10,2,/Volumes/projects/FRET-FISH/iAM634/a488_031.tif,/Volumes/projects/FRET-FISH/iAM634/a594_031.tif,/Volumes/projects/FRET-FISH/iAM634/a488fret_031.tif,290,825,19,291,820,21,2300,1756,7357,1
425,31,10,2,/Volumes/projects/FRET-FISH/iAM634/a488_031.tif,/Volumes/projects/FRET-FISH/iAM634/a594_031.tif,/Volumes/projects/FRET-FISH/iAM634/a488fret_031.tif,314,776,11,314,783,11,2499,1682,5218,2
427,32,1,2,/Volumes/projects/FRET-FISH/iAM634/a488_032.tif,/Volumes/projects/FRET-FISH/iAM634/a594_032.tif,/Volumes/projects/FRET-FISH/iAM634/a488fret_032.tif,92,33,17,91,39,18,3766,6038,5610,1
427,32,1,2,/Volumes/projects/FRET-FISH/iAM634/a488_032.tif,/Volumes/projects/FRET-FISH/iAM634/a594_032.tif,/Volumes/projects/FRET-FISH/iAM634/a488fret_032.tif,184,60,16,184,60,19,2531,1879,5358,2
430,32,4,2,/Volumes/projects/FRET-FISH/iAM634/a488_032.tif,/Volumes/projects/FRET-FISH/iAM634/a594_032.tif,/Volumes/projects/FRET-FISH/iAM634/a488fret_032.tif,311,226,19,309,222,17,2647,1632,10727,1
430,32,4,2,/Volumes/projects/FRET-FISH/iAM634/a488_032.tif,/Volumes/projects/FRET-FISH/iAM634/a594_032.tif,/Volumes/projects/FRET-FISH/iAM634/a488fret_032.tif,354,237,16,352,231,17,2855,1587,4920,2
434,32,8,2,/Volumes/projects/FRET-FISH/iAM634/a488_032.tif,/Volumes/projects/FRET-FISH/iAM634/a594_032.tif,/Volumes/projects/FRET-FISH/iAM634/a488fret_032.tif,872,455,22,877,459,23,2771,1877,7050,1
434,32,8,2,/Volumes/projects/FRET-FISH/iAM634/a488_032.tif,/Volumes/projects/FRET-FISH/iAM634/a594_032.tif,/Volumes/projects/FRET-FISH/iAM634/a488fret_032.tif,895,436,15,896,436,18,2420,1950,6906,2
435,32,9,2,/Volumes/projects/FRET-FISH/iAM634/a488_032.tif,/Volumes/projects/FRET-FISH/iAM634/a594_032.tif,/Volumes/projects/FRET-FISH/iAM634/a488fret_032.tif,586,507,20,582,509,18,2655,1790,9481,1
435,32,9,2,/Volumes/projects/FRET-FISH/iAM634/a488_032.tif,/Volumes/projects/FRET-FISH/iAM634/a594_032.tif,/Volumes/projects/FRET-FISH/iAM634/a488fret_032.tif,594,501,11,599,505,12,3268,1739,5399,2
436,32,10,2,/Volumes/projects/FRET-FISH/iAM634/a488_032.tif,/Volumes/projects/FRET-FISH/iAM634/a594_032.tif,/Volumes/projects/FRET-FISH/iAM634/a488fret_032.tif,397,529,20,397,530,23,2969,4266,5839,1
436,32,10,2,/Volumes/projects/FRET-FISH/iAM634/a488_032.tif,/Volumes/projects/FRET-FISH/iAM634/a594_032.tif,/Volumes/projects/FRET-FISH/iAM634/a488fret_032.tif,337,546,25,337,539,25,2455,1887,5355,2
437,32,11,2,/Volumes/projects/FRET-FISH/iAM634/a488_032.tif,/Volumes/projects/FRET-FISH/iAM634/a594_032.tif,/Volumes/projects/FRET-FISH/iAM634/a488fret_032.tif,907,661,26,904,658,24,2220,1684,9868,1
437,32,11,2,/Volumes/projects/FRET-FISH/iAM634/a488_032.tif,/Volumes/projects/FRET-FISH/iAM634/a594_032.tif,/Volumes/projects/FRET-FISH/iAM634/a488fret_032.tif,887,648,17,893,646,18,2538,1941,5462,2
438,32,12,2,/Volumes/projects/FRET-FISH/iAM634/a488_032.tif,/Volumes/projects/FRET-FISH/iAM634/a594_032.tif,/Volumes/projects/FRET-FISH/iAM634/a488fret_032.tif,301,637,18,299,643,19,2685,1878,6244,1
438,32,12,2,/Volumes/projects/FRET-FISH/iAM634/a488_032.tif,/Volumes/projects/FRET-FISH/iAM634/a594_032.tif,/Volumes/projects/FRET-FISH/iAM634/a488fret_032.tif,284,604,19,284,605,22,3015,2962,14040,2
439,32,13,2,/Volumes/projects/FRET-FISH/iAM634/a488_032.tif,/Volumes/projects/FRET-FISH/iAM634/a594_032.tif,/Volumes/projects/FRET-FISH/iAM634/a488fret_032.tif,136,729,17,141,729,19,2323,1759,7315,1
439,32,13,2,/Volumes/projects/FRET-FISH/iAM634/a488_032.tif,/Volumes/projects/FRET-FISH/iAM634/a594_032.tif,/Volumes/projects/FRET-FISH/iAM634/a488fret_032.tif,116,718,19,121,718,21,2359,1822,5148,2
440,32,14,2,/Volumes/projects/FRET-FISH/iAM634/a488_032.tif,/Volumes/projects/FRET-FISH/iAM634/a594_032.tif,/Volumes/projects/FRET-FISH/iAM634/a488fret_032.tif,676,679,22,681,679,20,2083,1471,11679,1
440,32,14,2,/Volumes/projects/FRET-FISH/iAM634/a488_032.tif,/Volumes/projects/FRET-FISH/iAM634/a594_032.tif,/Volumes/projects/FRET-FISH/iAM634/a488fret_032.tif,635,727,19,634,732,17,2440,1469,5357,2
443,32,17,2,/Volumes/projects/FRET-FISH/iAM634/a488_032.tif,/Volumes/projects/FRET-FISH/iAM634/a594_032.tif,/Volumes/projects/FRET-FISH/iAM634/a488fret_032.tif,577,902,19,574,908,19,2585,2005,4335,1
443,32,17,2,/Volumes/projects/FRET-FISH/iAM634/a488_032.tif,/Volumes/projects/FRET-FISH/iAM634/a594_032.tif,/Volumes/projects/FRET-FISH/iAM634/a488fret_032.tif,554,928,12,547,928,12,2439,1482,4663,2
444,32,18,2,/Volumes/projects/FRET-FISH/iAM634/a488_032.tif,/Volumes/projects/FRET-FISH/iAM634/a594_032.tif,/Volumes/projects/FRET-FISH/iAM634/a488fret_032.tif,947,974,41,951,977,39,2828,2081,9422,1
444,32,18,2,/Volumes/projects/FRET-FISH/iAM634/a488_032.tif,/Volumes/projects/FRET-FISH/iAM634/a594_032.tif,/Volumes/projects/FRET-FISH/iAM634/a488fret_032.tif,946,948,39,946,947,36,3125,2460,13580,2
445,33,1,2,/Volumes/projects/FRET-FISH/iAM634/a488_033.tif,/Volumes/projects/FRET-FISH/iAM634/a594_033.tif,/Volumes/projects/FRET-FISH/iAM634/a488fret_033.tif,198,207,24,194,208,22,2488,1764,9922,1
445,33,1,2,/Volumes/projects/FRET-FISH/iAM634/a488_033.tif,/Volumes/projects/FRET-FISH/iAM634/a594_033.tif,/Volumes/projects/FRET-FISH/iAM634/a488fret_033.tif,165,207,15,166,207,18,2862,1547,4143,2
449,33,5,2,/Volumes/projects/FRET-FISH/iAM634/a488_033.tif,/Volumes/projects/FRET-FISH/iAM634/a594_033.tif,/Volumes/projects/FRET-FISH/iAM634/a488fret_033.tif,206,433,23,203,429,21,2532,1755,14330,1
449,33,5,2,/Volumes/projects/FRET-FISH/iAM634/a488_033.tif,/Volumes/projects/FRET-FISH/iAM634/a594_033.tif,/Volumes/projects/FRET-FISH/iAM634/a488fret_033.tif,248,411,19,248,411,22,2463,1691,4751,2
450,33,6,2,/Volumes/projects/FRET-FISH/iAM634/a488_033.tif,/Volumes/projects/FRET-FISH/iAM634/a594_033.tif,/Volumes/projects/FRET-FISH/iAM634/a488fret_033.tif,469,431,26,468,427,24,2902,1890,7876,1
450,33,6,2,/Volumes/projects/FRET-FISH/iAM634/a488_033.tif,/Volumes/projects/FRET-FISH/iAM634/a594_033.tif,/Volumes/projects/FRET-FISH/iAM634/a488fret_033.tif,461,469,27,460,469,24,3165,1866,5971,2
457,33,13,2,/Volumes/projects/FRET-FISH/iAM634/a488_033.tif,/Volumes/projects/FRET-FISH/iAM634/a594_033.tif,/Volumes/projects/FRET-FISH/iAM634/a488fret_033.tif,66,751,23,62,751,24,3015,4146,13226,1
457,33,13,2,/Volumes/projects/FRET-FISH/iAM634/a488_033.tif,/Volumes/projects/FRET-FISH/iAM634/a594_033.tif,/Volumes/projects/FRET-FISH/iAM634/a488fret_033.tif,87,779,19,87,774,17,2186,1523,4360,2
458,33,14,2,/Volumes/projects/FRET-FISH/iAM634/a488_033.tif,/Volumes/projects/FRET-FISH/iAM634/a594_033.tif,/Volumes/projects/FRET-FISH/iAM634/a488fret_033.tif,70,943,18,73,948,19,3683,1976,11933,1
458,33,14,2,/Volumes/projects/FRET-FISH/iAM634/a488_033.tif,/Volumes/projects/FRET-FISH/iAM634/a594_033.tif,/Volumes/projects/FRET-FISH/iAM634/a488fret_033.tif,54,936,26,55,936,23,3928,1786,5215,2
461,34,3,2,/Volumes/projects/FRET-FISH/iAM634/a488_034.tif,/Volumes/projects/FRET-FISH/iAM634/a594_034.tif,/Volumes/projects/FRET-FISH/iAM634/a488fret_034.tif,935,247,19,931,246,17,2397,1444,9585,1
461,34,3,2,/Volumes/projects/FRET-FISH/iAM634/a488_034.tif,/Volumes/projects/FRET-FISH/iAM634/a594_034.tif,/Volumes/projects/FRET-FISH/iAM634/a488fret_034.tif,936,194,20,936,195,23,2113,1343,4605,2
462,34,4,2,/Volumes/projects/FRET-FISH/iAM634/a488_034.tif,/Volumes/projects/FRET-FISH/iAM634/a594_034.tif,/Volumes/projects/FRET-FISH/iAM634/a488fret_034.tif,363,268,19,365,274,18,2482,1616,9098,1
462,34,4,2,/Volumes/projects/FRET-FISH/iAM634/a488_034.tif,/Volumes/projects/FRET-FISH/iAM634/a594_034.tif,/Volumes/projects/FRET-FISH/iAM634/a488fret_034.tif,383,339,24,384,339,21,2518,1607,4547,2
468,34,10,2,/Volumes/projects/FRET-FISH/iAM634/a488_034.tif,/Volumes/projects/FRET-FISH/iAM634/a594_034.tif,/Volumes/projects/FRET-FISH/iAM634/a488fret_034.tif,27,666,15,25,662,13,2895,1866,15270,1
468,34,10,2,/Volumes/projects/FRET-FISH/iAM634/a488_034.tif,/Volumes/projects/FRET-FISH/iAM634/a594_034.tif,/Volumes/projects/FRET-FISH/iAM634/a488fret_034.tif,26,642,20,26,649,20,2639,1617,4142,2
469,34,11,2,/Volumes/projects/FRET-FISH/iAM634/a488_034.tif,/Volumes/projects/FRET-FISH/iAM634/a594_034.tif,/Volumes/projects/FRET-FISH/iAM634/a488fret_034.tif,323,737,25,319,740,27,3002,2184,4903,1
469,34,11,2,/Volumes/projects/FRET-FISH/iAM634/a488_034.tif,/Volumes/projects/FRET-FISH/iAM634/a594_034.tif,/Volumes/projects/FRET-FISH/iAM634/a488fret_034.tif,341,725,25,336,725,23,2631,1554,4812,2
476,35,3,2,/Volumes/projects/FRET-FISH/iAM634/a488_035.tif,/Volumes/projects/FRET-FISH/iAM634/a594_035.tif,/Volumes/projects/FRET-FISH/iAM634/a488fret_035.tif,945,353,17,940,352,15,2449,1690,5408,1
476,35,3,2,/Volumes/projects/FRET-FISH/iAM634/a488_035.tif,/Volumes/projects/FRET-FISH/iAM634/a594_035.tif,/Volumes/projects/FRET-FISH/iAM634/a488fret_035.tif,919,362,14,919,361,11,2289,1565,5710,2
479,35,6,2,/Volumes/projects/FRET-FISH/iAM634/a488_035.tif,/Volumes/projects/FRET-FISH/iAM634/a594_035.tif,/Volumes/projects/FRET-FISH/iAM634/a488fret_035.tif,188,468,16,185,472,18,2975,1563,4710,1
479,35,6,2,/Volumes/projects/FRET-FISH/iAM634/a488_035.tif,/Volumes/projects/FRET-FISH/iAM634/a594_035.tif,/Volumes/projects/FRET-FISH/iAM634/a488fret_035.tif,235,464,21,230,463,19,3612,3640,10917,2
480,35,7,2,/Volumes/projects/FRET-FISH/iAM634/a488_035.tif,/Volumes/projects/FRET-FISH/iAM634/a594_035.tif,/Volumes/projects/FRET-FISH/iAM634/a488fret_035.tif,336,464,14,332,467,12,3175,2375,18831,1
480,35,7,2,/Volumes/projects/FRET-FISH/iAM634/a488_035.tif,/Volumes/projects/FRET-FISH/iAM634/a594_035.tif,/Volumes/projects/FRET-FISH/iAM634/a488fret_035.tif,366,497,15,366,492,13,2713,1772,4928,2
482,35,9,2,/Volumes/projects/FRET-FISH/iAM634/a488_035.tif,/Volumes/projects/FRET-FISH/iAM634/a594_035.tif,/Volumes/projects/FRET-FISH/iAM634/a488fret_035.tif,211,563,12,208,563,12,4088,6185,19521,1
482,35,9,2,/Volumes/projects/FRET-FISH/iAM634/a488_035.tif,/Volumes/projects/FRET-FISH/iAM634/a594_035.tif,/Volumes/projects/FRET-FISH/iAM634/a488fret_035.tif,277,610,20,278,605,18,2458,1668,4998,2
483,35,10,2,/Volumes/projects/FRET-FISH/iAM634/a488_035.tif,/Volumes/projects/FRET-FISH/iAM634/a594_035.tif,/Volumes/projects/FRET-FISH/iAM634/a488fret_035.tif,513,628,16,509,625,14,2651,2011,12098,1
483,35,10,2,/Volumes/projects/FRET-FISH/iAM634/a488_035.tif,/Volumes/projects/FRET-FISH/iAM634/a594_035.tif,/Volumes/projects/FRET-FISH/iAM634/a488fret_035.tif,504,594,16,504,593,13,2812,1773,5879,2
486,35,13,2,/Volumes/projects/FRET-FISH/iAM634/a488_035.tif,/Volumes/projects/FRET-FISH/iAM634/a594_035.tif,/Volumes/projects/FRET-FISH/iAM634/a488fret_035.tif,505,760,18,511,757,18,3570,2576,7724,1
486,35,13,2,/Volumes/projects/FRET-FISH/iAM634/a488_035.tif,/Volumes/projects/FRET-FISH/iAM634/a594_035.tif,/Volumes/projects/FRET-FISH/iAM634/a488fret_035.tif,510,756,31,510,756,28,3558,2478,8032,2
500,36,12,2,/Volumes/projects/FRET-FISH/iAM634/a488_036.tif,/Volumes/projects/FRET-FISH/iAM634/a594_036.tif,/Volumes/projects/FRET-FISH/iAM634/a488fret_036.tif,179,694,18,176,700,18,3374,2696,9607,1
500,36,12,2,/Volumes/projects/FRET-FISH/iAM634/a488_036.tif,/Volumes/projects/FRET-FISH/iAM634/a594_036.tif,/Volumes/projects/FRET-FISH/iAM634/a488fret_036.tif,187,666,23,184,662,21,3010,1759,4974,2
503,36,15,2,/Volumes/projects/FRET-FISH/iAM634/a488_036.tif,/Volumes/projects/FRET-FISH/iAM634/a594_036.tif,/Volumes/projects/FRET-FISH/iAM634/a488fret_036.tif,412,891,17,408,894,15,2568,1993,7708,1
503,36,15,2,/Volumes/projects/FRET-FISH/iAM634/a488_036.tif,/Volumes/projects/FRET-FISH/iAM634/a594_036.tif,/Volumes/projects/FRET-FISH/iAM634/a488fret_036.tif,359,924,14,360,919,16,2556,1611,4971,2
504,36,16,2,/Volumes/projects/FRET-FISH/iAM634/a488_036.tif,/Volumes/projects/FRET-FISH/iAM634/a594_036.tif,/Volumes/projects/FRET-FISH/iAM634/a488fret_036.tif,797,964,16,792,963,14,2051,1991,12913,1
504,36,16,2,/Volumes/projects/FRET-FISH/iAM634/a488_036.tif,/Volumes/projects/FRET-FISH/iAM634/a594_036.tif,/Volumes/projects/FRET-FISH/iAM634/a488fret_036.tif,715,987,15,716,982,13,2834,2977,4953,2
505,37,1,2,/Volumes/projects/FRET-FISH/iAM634/a488_037.tif,/Volumes/projects/FRET-FISH/iAM634/a594_037.tif,/Volumes/projects/FRET-FISH/iAM634/a488fret_037.tif,437,191,15,437,197,16,2892,1825,7314,1
505,37,1,2,/Volumes/projects/FRET-FISH/iAM634/a488_037.tif,/Volumes/projects/FRET-FISH/iAM634/a594_037.tif,/Volumes/projects/FRET-FISH/iAM634/a488fret_037.tif,438,201,26,435,205,24,2785,1840,5973,2
507,37,3,2,/Volumes/projects/FRET-FISH/iAM634/a488_037.tif,/Volumes/projects/FRET-FISH/iAM634/a594_037.tif,/Volumes/projects/FRET-FISH/iAM634/a488fret_037.tif,235,350,12,239,348,13,2887,1867,9091,1
507,37,3,2,/Volumes/projects/FRET-FISH/iAM634/a488_037.tif,/Volumes/projects/FRET-FISH/iAM634/a594_037.tif,/Volumes/projects/FRET-FISH/iAM634/a488fret_037.tif,242,331,19,247,332,17,2762,1894,5407,2
508,37,4,2,/Volumes/projects/FRET-FISH/iAM634/a488_037.tif,/Volumes/projects/FRET-FISH/iAM634/a594_037.tif,/Volumes/projects/FRET-FISH/iAM634/a488fret_037.tif,763,377,19,760,374,17,2803,2230,15809,1
508,37,4,2,/Volumes/projects/FRET-FISH/iAM634/a488_037.tif,/Volumes/projects/FRET-FISH/iAM634/a594_037.tif,/Volumes/projects/FRET-FISH/iAM634/a488fret_037.tif,719,398,20,715,395,18,2204,1594,5338,2
515,37,11,2,/Volumes/projects/FRET-FISH/iAM634/a488_037.tif,/Volumes/projects/FRET-FISH/iAM634/a594_037.tif,/Volumes/projects/FRET-FISH/iAM634/a488fret_037.tif,929,893,21,933,896,23,2263,1627,5327,1
515,37,11,2,/Volumes/projects/FRET-FISH/iAM634/a488_037.tif,/Volumes/projects/FRET-FISH/iAM634/a594_037.tif,/Volumes/projects/FRET-FISH/iAM634/a488fret_037.tif,923,873,24,923,872,27,2316,1575,5016,2
516,38,1,2,/Volumes/projects/FRET-FISH/iAM634/a488_038.tif,/Volumes/projects/FRET-FISH/iAM634/a594_038.tif,/Volumes/projects/FRET-FISH/iAM634/a488fret_038.tif,194,139,21,192,140,19,2452,1782,9626,1
516,38,1,2,/Volumes/projects/FRET-FISH/iAM634/a488_038.tif,/Volumes/projects/FRET-FISH/iAM634/a594_038.tif,/Volumes/projects/FRET-FISH/iAM634/a488fret_038.tif,163,105,25,168,104,23,2551,1527,4524,2
522,38,7,2,/Volumes/projects/FRET-FISH/iAM634/a488_038.tif,/Volumes/projects/FRET-FISH/iAM634/a594_038.tif,/Volumes/projects/FRET-FISH/iAM634/a488fret_038.tif,128,578,20,124,576,18,2440,1766,5743,1
522,38,7,2,/Volumes/projects/FRET-FISH/iAM634/a488_038.tif,/Volumes/projects/FRET-FISH/iAM634/a594_038.tif,/Volumes/projects/FRET-FISH/iAM634/a488fret_038.tif,142,520,19,141,525,17,2629,1742,5244,2
523,38,8,2,/Volumes/projects/FRET-FISH/iAM634/a488_038.tif,/Volumes/projects/FRET-FISH/iAM634/a594_038.tif,/Volumes/projects/FRET-FISH/iAM634/a488fret_038.tif,240,630,24,238,626,22,2528,2160,11117,1
523,38,8,2,/Volumes/projects/FRET-FISH/iAM634/a488_038.tif,/Volumes/projects/FRET-FISH/iAM634/a594_038.tif,/Volumes/projects/FRET-FISH/iAM634/a488fret_038.tif,247,575,15,251,580,16,2579,1905,5399,2
524,38,9,2,/Volumes/projects/FRET-FISH/iAM634/a488_038.tif,/Volumes/projects/FRET-FISH/iAM634/a594_038.tif,/Volumes/projects/FRET-FISH/iAM634/a488fret_038.tif,506,612,22,506,618,23,3175,1928,15490,1
524,38,9,2,/Volumes/projects/FRET-FISH/iAM634/a488_038.tif,/Volumes/projects/FRET-FISH/iAM634/a594_038.tif,/Volumes/projects/FRET-FISH/iAM634/a488fret_038.tif,485,625,23,487,631,22,2981,1907,5823,2
525,38,10,2,/Volumes/projects/FRET-FISH/iAM634/a488_038.tif,/Volumes/projects/FRET-FISH/iAM634/a594_038.tif,/Volumes/projects/FRET-FISH/iAM634/a488fret_038.tif,687,636,16,684,630,16,2290,1552,5675,1
525,38,10,2,/Volumes/projects/FRET-FISH/iAM634/a488_038.tif,/Volumes/projects/FRET-FISH/iAM634/a594_038.tif,/Volumes/projects/FRET-FISH/iAM634/a488fret_038.tif,660,682,18,656,679,16,2502,1585,10701,2
527,38,12,2,/Volumes/projects/FRET-FISH/iAM634/a488_038.tif,/Volumes/projects/FRET-FISH/iAM634/a594_038.tif,/Volumes/projects/FRET-FISH/iAM634/a488fret_038.tif,800,722,24,801,728,25,2474,1644,6922,1
527,38,12,2,/Volumes/projects/FRET-FISH/iAM634/a488_038.tif,/Volumes/projects/FRET-FISH/iAM634/a594_038.tif,/Volumes/projects/FRET-FISH/iAM634/a488fret_038.tif,775,737,26,771,742,25,2337,1595,5469,2
530,39,2,2,/Volumes/projects/FRET-FISH/iAM634/a488_039.tif,/Volumes/projects/FRET-FISH/iAM634/a594_039.tif,/Volumes/projects/FRET-FISH/iAM634/a488fret_039.tif,800,366,19,800,371,19,2475,1626,13516,1
530,39,2,2,/Volumes/projects/FRET-FISH/iAM634/a488_039.tif,/Volumes/projects/FRET-FISH/iAM634/a594_039.tif,/Volumes/projects/FRET-FISH/iAM634/a488fret_039.tif,734,350,22,734,351,19,2563,1713,5584,2
539,39,11,2,/Volumes/projects/FRET-FISH/iAM634/a488_039.tif,/Volumes/projects/FRET-FISH/iAM634/a594_039.tif,/Volumes/projects/FRET-FISH/iAM634/a488fret_039.tif,466,855,19,470,852,17,2380,1808,16000,1
539,39,11,2,/Volumes/projects/FRET-FISH/iAM634/a488_039.tif,/Volumes/projects/FRET-FISH/iAM634/a594_039.tif,/Volumes/projects/FRET-FISH/iAM634/a488fret_039.tif,419,818,24,423,823,25,2388,1743,5186,2
542,40,3,2,/Volumes/projects/FRET-FISH/iAM634/a488_040.tif,/Volumes/projects/FRET-FISH/iAM634/a594_040.tif,/Volumes/projects/FRET-FISH/iAM634/a488fret_040.tif,326,186,21,323,185,22,4629,5989,17311,1
542,40,3,2,/Volumes/projects/FRET-FISH/iAM634/a488_040.tif,/Volumes/projects/FRET-FISH/iAM634/a594_040.tif,/Volumes/projects/FRET-FISH/iAM634/a488fret_040.tif,251,211,19,251,216,17,2774,1840,4800,2
551,40,12,2,/Volumes/projects/FRET-FISH/iAM634/a488_040.tif,/Volumes/projects/FRET-FISH/iAM634/a594_040.tif,/Volumes/projects/FRET-FISH/iAM634/a488fret_040.tif,845,666,28,839,664,29,2568,1873,6324,1
551,40,12,2,/Volumes/projects/FRET-FISH/iAM634/a488_040.tif,/Volumes/projects/FRET-FISH/iAM634/a594_040.tif,/Volumes/projects/FRET-FISH/iAM634/a488fret_040.tif,828,737,22,823,738,24,2658,1604,5384,2
554,40,15,2,/Volumes/projects/FRET-FISH/iAM634/a488_040.tif,/Volumes/projects/FRET-FISH/iAM634/a594_040.tif,/Volumes/projects/FRET-FISH/iAM634/a488fret_040.tif,665,1013,21,661,1016,19,2330,1777,10734,1
554,40,15,2,/Volumes/projects/FRET-FISH/iAM634/a488_040.tif,/Volumes/projects/FRET-FISH/iAM634/a594_040.tif,/Volumes/projects/FRET-FISH/iAM634/a488fret_040.tif,677,991,17,676,986,19,2262,1590,5643,2
556,41,2,2,/Volumes/projects/FRET-FISH/iAM634/a488_041.tif,/Volumes/projects/FRET-FISH/iAM634/a594_041.tif,/Volumes/projects/FRET-FISH/iAM634/a488fret_041.tif,173,252,20,168,252,22,16040,2909,12330,1
556,41,2,2,/Volumes/projects/FRET-FISH/iAM634/a488_041.tif,/Volumes/projects/FRET-FISH/iAM634/a594_041.tif,/Volumes/projects/FRET-FISH/iAM634/a488fret_041.tif,207,242,17,211,245,15,2962,2337,8791,2
558,41,4,2,/Volumes/projects/FRET-FISH/iAM634/a488_041.tif,/Volumes/projects/FRET-FISH/iAM634/a594_041.tif,/Volumes/projects/FRET-FISH/iAM634/a488fret_041.tif,650,368,14,647,364,16,3307,3727,5121,1
558,41,4,2,/Volumes/projects/FRET-FISH/iAM634/a488_041.tif,/Volumes/projects/FRET-FISH/iAM634/a594_041.tif,/Volumes/projects/FRET-FISH/iAM634/a488fret_041.tif,676,442,14,669,442,14,2487,1689,5843,2
568,42,4,2,/Volumes/projects/FRET-FISH/iAM634/a488_042.tif,/Volumes/projects/FRET-FISH/iAM634/a594_042.tif,/Volumes/projects/FRET-FISH/iAM634/a488fret_042.tif,526,263,16,523,257,16,2627,1725,5088,1
568,42,4,2,/Volumes/projects/FRET-FISH/iAM634/a488_042.tif,/Volumes/projects/FRET-FISH/iAM634/a594_042.tif,/Volumes/projects/FRET-FISH/iAM634/a488fret_042.tif,464,279,18,460,282,16,2806,2054,16265,2
572,42,8,2,/Volumes/projects/FRET-FISH/iAM634/a488_042.tif,/Volumes/projects/FRET-FISH/iAM634/a594_042.tif,/Volumes/projects/FRET-FISH/iAM634/a488fret_042.tif,862,491,18,862,487,16,2552,2224,16782,1
572,42,8,2,/Volumes/projects/FRET-FISH/iAM634/a488_042.tif,/Volumes/projects/FRET-FISH/iAM634/a594_042.tif,/Volumes/projects/FRET-FISH/iAM634/a488fret_042.tif,887,455,15,887,450,13,2436,1748,5750,2
578,42,14,2,/Volumes/projects/FRET-FISH/iAM634/a488_042.tif,/Volumes/projects/FRET-FISH/iAM634/a594_042.tif,/Volumes/projects/FRET-FISH/iAM634/a488fret_042.tif,626,901,20,632,904,20,2686,1803,5588,1
578,42,14,2,/Volumes/projects/FRET-FISH/iAM634/a488_042.tif,/Volumes/projects/FRET-FISH/iAM634/a594_042.tif,/Volumes/projects/FRET-FISH/iAM634/a488fret_042.tif,647,921,14,644,917,12,2611,1723,5516,2
579,42,15,2,/Volumes/projects/FRET-FISH/iAM634/a488_042.tif,/Volumes/projects/FRET-FISH/iAM634/a594_042.tif,/Volumes/projects/FRET-FISH/iAM634/a488fret_042.tif,363,1012,24,361,1017,23,2639,1845,7378,1
579,42,15,2,/Volumes/projects/FRET-FISH/iAM634/a488_042.tif,/Volumes/projects/FRET-FISH/iAM634/a594_042.tif,/Volumes/projects/FRET-FISH/iAM634/a488fret_042.tif,305,979,21,299,977,22,2723,1834,5147,2
580,43,1,2,/Volumes/projects/FRET-FISH/iAM634/a488_043.tif,/Volumes/projects/FRET-FISH/iAM634/a594_043.tif,/Volumes/projects/FRET-FISH/iAM634/a488fret_043.tif,643,87,16,641,93,16,2374,1809,12774,1
580,43,1,2,/Volumes/projects/FRET-FISH/iAM634/a488_043.tif,/Volumes/projects/FRET-FISH/iAM634/a594_043.tif,/Volumes/projects/FRET-FISH/iAM634/a488fret_043.tif,669,72,19,664,68,20,2512,1855,4803,2
586,43,7,2,/Volumes/projects/FRET-FISH/iAM634/a488_043.tif,/Volumes/projects/FRET-FISH/iAM634/a594_043.tif,/Volumes/projects/FRET-FISH/iAM634/a488fret_043.tif,417,540,20,417,541,23,2634,2097,4982,1
586,43,7,2,/Volumes/projects/FRET-FISH/iAM634/a488_043.tif,/Volumes/projects/FRET-FISH/iAM634/a594_043.tif,/Volumes/projects/FRET-FISH/iAM634/a488fret_043.tif,401,510,16,401,517,16,3144,1851,4847,2
588,43,9,2,/Volumes/projects/FRET-FISH/iAM634/a488_043.tif,/Volumes/projects/FRET-FISH/iAM634/a594_043.tif,/Volumes/projects/FRET-FISH/iAM634/a488fret_043.tif,143,622,23,137,622,22,2915,2606,7423,1
588,43,9,2,/Volumes/projects/FRET-FISH/iAM634/a488_043.tif,/Volumes/projects/FRET-FISH/iAM634/a594_043.tif,/Volumes/projects/FRET-FISH/iAM634/a488fret_043.tif,94,580,16,93,580,19,2692,1904,4868,2
589,43,10,2,/Volumes/projects/FRET-FISH/iAM634/a488_043.tif,/Volumes/projects/FRET-FISH/iAM634/a594_043.tif,/Volumes/projects/FRET-FISH/iAM634/a488fret_043.tif,405,638,19,401,639,21,3154,3116,8858,1
589,43,10,2,/Volumes/projects/FRET-FISH/iAM634/a488_043.tif,/Volumes/projects/FRET-FISH/iAM634/a594_043.tif,/Volumes/projects/FRET-FISH/iAM634/a488fret_043.tif,414,608,24,413,613,22,2413,1758,5113,2
590,43,11,2,/Volumes/projects/FRET-FISH/iAM634/a488_043.tif,/Volumes/projects/FRET-FISH/iAM634/a594_043.tif,/Volumes/projects/FRET-FISH/iAM634/a488fret_043.tif,592,634,19,590,634,20,4181,6017,16760,1
590,43,11,2,/Volumes/projects/FRET-FISH/iAM634/a488_043.tif,/Volumes/projects/FRET-FISH/iAM634/a594_043.tif,/Volumes/projects/FRET-FISH/iAM634/a488fret_043.tif,631,638,16,626,642,17,2615,1676,4731,2
592,43,13,2,/Volumes/projects/FRET-FISH/iAM634/a488_043.tif,/Volumes/projects/FRET-FISH/iAM634/a594_043.tif,/Volumes/projects/FRET-FISH/iAM634/a488fret_043.tif,698,743,18,697,747,16,2379,1748,7937,1
592,43,13,2,/Volumes/projects/FRET-FISH/iAM634/a488_043.tif,/Volumes/projects/FRET-FISH/iAM634/a594_043.tif,/Volumes/projects/FRET-FISH/iAM634/a488fret_043.tif,707,720,20,708,725,22,2061,1725,4875,2
593,43,14,2,/Volumes/projects/FRET-FISH/iAM634/a488_043.tif,/Volumes/projects/FRET-FISH/iAM634/a594_043.tif,/Volumes/projects/FRET-FISH/iAM634/a488fret_043.tif,586,788,24,582,791,22,2476,1922,7940,1
593,43,14,2,/Volumes/projects/FRET-FISH/iAM634/a488_043.tif,/Volumes/projects/FRET-FISH/iAM634/a594_043.tif,/Volumes/projects/FRET-FISH/iAM634/a488fret_043.tif,600,795,15,599,800,17,2322,1842,7110,2
596,44,1,2,/Volumes/projects/FRET-FISH/iAM634/a488_044.tif,/Volumes/projects/FRET-FISH/iAM634/a594_044.tif,/Volumes/projects/FRET-FISH/iAM634/a488fret_044.tif,659,128,14,657,132,16,2472,1614,5172,1
596,44,1,2,/Volumes/projects/FRET-FISH/iAM634/a488_044.tif,/Volumes/projects/FRET-FISH/iAM634/a594_044.tif,/Volumes/projects/FRET-FISH/iAM634/a488fret_044.tif,595,142,18,596,147,16,2432,1633,13245,2
603,44,8,2,/Volumes/projects/FRET-FISH/iAM634/a488_044.tif,/Volumes/projects/FRET-FISH/iAM634/a594_044.tif,/Volumes/projects/FRET-FISH/iAM634/a488fret_044.tif,282,543,16,285,542,14,3256,2069,12302,1
603,44,8,2,/Volumes/projects/FRET-FISH/iAM634/a488_044.tif,/Volumes/projects/FRET-FISH/iAM634/a594_044.tif,/Volumes/projects/FRET-FISH/iAM634/a488fret_044.tif,212,581,23,212,582,20,2840,2406,17275,2
604,44,9,2,/Volumes/projects/FRET-FISH/iAM634/a488_044.tif,/Volumes/projects/FRET-FISH/iAM634/a594_044.tif,/Volumes/projects/FRET-FISH/iAM634/a488fret_044.tif,464,600,24,460,603,22,2892,1955,10539,1
604,44,9,2,/Volumes/projects/FRET-FISH/iAM634/a488_044.tif,/Volumes/projects/FRET-FISH/iAM634/a594_044.tif,/Volumes/projects/FRET-FISH/iAM634/a488fret_044.tif,500,635,24,499,635,21,2548,1716,5479,2
605,44,10,2,/Volumes/projects/FRET-FISH/iAM634/a488_044.tif,/Volumes/projects/FRET-FISH/iAM634/a594_044.tif,/Volumes/projects/FRET-FISH/iAM634/a488fret_044.tif,410,611,26,407,617,26,3532,1781,5868,1
605,44,10,2,/Volumes/projects/FRET-FISH/iAM634/a488_044.tif,/Volumes/projects/FRET-FISH/iAM634/a594_044.tif,/Volumes/projects/FRET-FISH/iAM634/a488fret_044.tif,398,639,22,391,639,22,3192,1849,4623,2
606,44,11,2,/Volumes/projects/FRET-FISH/iAM634/a488_044.tif,/Volumes/projects/FRET-FISH/iAM634/a594_044.tif,/Volumes/projects/FRET-FISH/iAM634/a488fret_044.tif,184,727,15,189,731,14,2751,1869,5136,1
606,44,11,2,/Volumes/projects/FRET-FISH/iAM634/a488_044.tif,/Volumes/projects/FRET-FISH/iAM634/a594_044.tif,/Volumes/projects/FRET-FISH/iAM634/a488fret_044.tif,217,711,14,216,706,16,2852,1804,4733,2
612,45,3,2,/Volumes/projects/FRET-FISH/iAM634/a488_045.tif,/Volumes/projects/FRET-FISH/iAM634/a594_045.tif,/Volumes/projects/FRET-FISH/iAM634/a488fret_045.tif,611,187,18,606,186,16,2436,1834,10799,1
612,45,3,2,/Volumes/projects/FRET-FISH/iAM634/a488_045.tif,/Volumes/projects/FRET-FISH/iAM634/a594_045.tif,/Volumes/projects/FRET-FISH/iAM634/a488fret_045.tif,647,146,19,642,147,17,2458,1716,5397,2
619,45,10,2,/Volumes/projects/FRET-FISH/iAM634/a488_045.tif,/Volumes/projects/FRET-FISH/iAM634/a594_045.tif,/Volumes/projects/FRET-FISH/iAM634/a488fret_045.tif,545,740,13,543,734,13,2868,1602,5669,1
619,45,10,2,/Volumes/projects/FRET-FISH/iAM634/a488_045.tif,/Volumes/projects/FRET-FISH/iAM634/a594_045.tif,/Volumes/projects/FRET-FISH/iAM634/a488fret_045.tif,574,764,15,570,769,15,3092,2281,7523,2
624,45,15,2,/Volumes/projects/FRET-FISH/iAM634/a488_045.tif,/Volumes/projects/FRET-FISH/iAM634/a594_045.tif,/Volumes/projects/FRET-FISH/iAM634/a488fret_045.tif,904,898,17,910,896,18,2228,1508,7289,1
624,45,15,2,/Volumes/projects/FRET-FISH/iAM634/a488_045.tif,/Volumes/projects/FRET-FISH/iAM634/a594_045.tif,/Volumes/projects/FRET-FISH/iAM634/a488fret_045.tif,886,974,19,890,979,20,2328,1425,4653,2
